Tên sản phẩm,Số sao,Nội dung đánh giá,PRODUCT_ID,SPID
Sách Tư Duy Ngược,2,"Shop giao hàng tốt, okay Theo cá nhân mình đánh giá sách 6/10 Mình chỉ thấy một ít chỗ là hay, đáng lưu tâm còn lại thì viết Nội dung hơi khó khăn cho người đọc, giải thích lòng vòng, ngoài ra còn viết sai chính tả khá nhiều Đối với mình, là người mới, đang tập tành thói quen đọc sách, thì mình thấy quyển sách này không phù hợp lắm mặc dù đã cố gắng đọc tới 8 phần 10 cuốn sách rồi vẫn thấy khó thấm nội dung.",273114488,273114489
Sách Tư Duy Ngược,5,Tôi thích Vu Mông Lung. Tôi đã ký petition. Các banh thì sao? Vấn đề nhân quyền có làm các bạn quan tâm? 🔥🔥🔥#JusticeForYuMenglong🔥🔥🔥,273114488,273114489
Sách Tư Duy Ngược,5,Tính cách anh giao hàng thân thiện dễ mến hàng nhận được đúng thứ mình muốn,273114488,273114489
Sách Tư Duy Ngược,2,"Bọc sách không vừa, dẫn đến ép bị bung, bọc không vừa với khổ bìa nên bị kéo cong",273114488,273114489
Sách Tư Duy Ngược,4,"Sách tốt, tuy có đóng trong bao bóng xốp nhưng chỉ có 1 lớp nên vẫn bị cọ xát và nhăn 1 chút ở gáy sách. Nên quấn thêm 1 lớp thì tốt hơn.",273114488,273114489
Sách Tư Duy Ngược,4,"Nội dung không quá mới so với những cuốn sách khác về tư duy phản biện và kích thích sáng tạo, nhưng sách cũng khá hay.",273114488,273114489
Sách Tư Duy Ngược,1,Sách dở… đừng mua… viết luyên thuyên,273114488,273114489
Sách Tư Duy Ngược,1,Sách giả chất lượng in kém,273114488,273114489
Sách Tư Duy Ngược,4,.,273114488,273114489
Sách Tư Duy Ngược,5,Good,273114488,273114489
Sách Tư Duy Ngược,1,Không phản ánh đúng nội dung mô tả và quảng cáo. Chỉ toàn là *** dối!,273114488,273114489
Sách Tư Duy Ngược,5,Đóng gói đẹp,273114488,273114489
Ai Tăng Lương Cho Bạn? 3 Bí Quyết Đơn Giản Để Thăng Tiến Và Hạnh Phúc Trong Công Việc,5,"mấy cái drama trong cuốn sách này ngày nào công ty mình cũng có, nhưng nhờ đọc sách, mình lại cảm thấy, ủa hình như trước giờ mình nghĩ sai. Đúng là nhờ tuổi trẻ gánh team, ""tuổi già"" mới có được cái nhìn tổng quát, biết được lúc nào cần làm gì, việc này nên giao cho ai",270880693,270880694
Ai Tăng Lương Cho Bạn? 3 Bí Quyết Đơn Giản Để Thăng Tiến Và Hạnh Phúc Trong Công Việc,5,"Cực kỳ hài lòng Sản phẩm có chất lượng đúng như mô tả, đóng gói chắc chắn, rất đáng tiền, giao hàng nhanh. P/s: Không có thời gian chụp hình nên mình lấy đỡ hình trên mạng up",270880693,270880694
Ai Tăng Lương Cho Bạn? 3 Bí Quyết Đơn Giản Để Thăng Tiến Và Hạnh Phúc Trong Công Việc,5,"Tất cả mọi vấn đề mình đang gặp phải đều có trong cuốn sách. Sự thật đúng là, luôn là “Sách không thật sự dạy cho chúng ta điều gì mới mẻ. Sách chỉ đơn giản giúp ta nhìn thấy những gì có sẵn bên trong con người mình.” Mình đã hoàn toàn quên những điều trong sách đề cập. Giờ mình không dám quên nữa. Cảm ơn tác giả, cảm ơn NXB",270880693,270880694
Ai Tăng Lương Cho Bạn? 3 Bí Quyết Đơn Giản Để Thăng Tiến Và Hạnh Phúc Trong Công Việc,5,"Cái hay ho thú vị của quyển sách này không nằm ở chữ “Ai” (who chứ không phải A.I. nhé 😄), mà nằm sâu bên dưới hàng loạt các câu hỏi “Thế nào?” - How và “Tại sao? - Why”. Tui đã tìm thấy ít nhất 3 câu hỏi mà tui từng tự hỏi chính mình trong suốt những năm “bán mình cho tư bản” đã qua. Tin tui đi bạn sẽ thấy một bầu trời chân ái và xán lạn 😍 Không cần giỏi hơn một ai khác, hãy giỏi hơn chính bạn ngày hôm qua!",270880693,270880694
Ai Tăng Lương Cho Bạn? 3 Bí Quyết Đơn Giản Để Thăng Tiến Và Hạnh Phúc Trong Công Việc,5,Nội dung quá tuyệt vời cho tất cả intern nvien hay qly câp trung. Giúp t tháo gỡ vướng mắc trong cv và có thêm động lực để xử lý.,270880693,270880694
Ai Tăng Lương Cho Bạn? 3 Bí Quyết Đơn Giản Để Thăng Tiến Và Hạnh Phúc Trong Công Việc,5,"Một cuốn sách đáng đọc không những cho *** bạn nhan viên ma còn với cấp quan lý nữa. Văn phong hóm hỉnh, gần gui va rất thức thời khiến mình đọc một lèo hết quyển sách lúc nào khong hay.",270880693,270880694
Ai Tăng Lương Cho Bạn? 3 Bí Quyết Đơn Giản Để Thăng Tiến Và Hạnh Phúc Trong Công Việc,5,"Cảm giác như đang cầm trên tay 1 sự chắt lọc rất có tâm những cách làm thực sự hiệu quả cao (từ những tổ chức và cá nhân thành công trên thế giới) và tư duy dám nhận và giải quyết việc khó rút ra từ người anh một kho trải nghiệm phong phú. Bí quyết ở đây là những điều gần gũi, dễ áp dụng, thích hợp với những bạn không thích giáo điều:D",270880693,270880694
Ai Tăng Lương Cho Bạn? 3 Bí Quyết Đơn Giản Để Thăng Tiến Và Hạnh Phúc Trong Công Việc,5,Lần đầu tiên mình đọc hết một cuốn sách trong vòng 2 ngày và chắc chắn sẽ còn đọc lại nhiều lần!! Những chia sẻ được đúc kết từ chính trải nghiệm của Anh Tuấn trong suốt chặng đường 20 năm làm việc thực sự quý báu và truyền cảm hứng cho mình để sống và làm việc hạnh phúc hơn!!,270880693,270880694
Ai Tăng Lương Cho Bạn? 3 Bí Quyết Đơn Giản Để Thăng Tiến Và Hạnh Phúc Trong Công Việc,5,"[Một cuốn sách thực sự rất ha, ý nghĩa và mình khuyên bạn - nhất là những bạn đang ở độ tuổi GenZ hoặc đang cảm thấy không ổn với công việc hiện tại phải đọc ít nhất 1 lần.] Một chút review về quyển sách: Tác giả đã hướng dẫn cho độc giả những phương pháp và bí quyết để tăng cường sự thăng tiến trong sự nghiệp và đạt được hạnh phúc trong công việc. Tác giả đã tạo ra một hướng dẫn chi tiết, rất cần thiết cho những người đang tìm kiếm cách cải thiện hiệu suất làm việc của họ và nâng cao sự hài lòng trong công việc. Cuốn sách này không chỉ tập trung vào việc cung cấp các bí quyết để tăng lương và thăng tiến trong thời gian ngắn, mà còn chia sẻ về cách xây dựng tư duy teamwork hiệu quả. Điều này giúp độc giả vượt qua những khó khăn trong việc làm việc nhóm và thoát khỏi nỗi ám ảnh của việc đảm nhận vai trò của mình. Cuốn sách cũng đề cập đến tầm quan trọng của giao tiếp hiệu quả trong công việc, giúp độc giả truyền đạt ý tưởng và thông điệp một cách rõ ràng và đạt được sự hiểu biết tốt hơn từ đồng nghiệp và cấp trên. Một điểm đặc biệt nổi bật của quyển sách là phần hướng dẫn về cách nhảy việc một cách khôn ngoan và lựa chọn công ty phù hợp. Tác giả cung cấp những gợi ý cụ thể và bước thực hiện để đảm bảo người đọc có quyết định đúng đắn về việc thay đổi công việc và tìm kiếm môi trường làm việc tốt nhất cho bản thân. Cuốn sách cũng khám phá khía cạnh tâm lý và động lực trong công việc, giúp độc giả hiểu rõ hơn về mình và xác định nguồn động viên thực sự để duy trì động lực và niềm vui trong công việc hàng ngày.",270880693,270880694
Ai Tăng Lương Cho Bạn? 3 Bí Quyết Đơn Giản Để Thăng Tiến Và Hạnh Phúc Trong Công Việc,5,"Sách rất hay, văn phong của tác giả phù hợp với mọi lứa tuổi. Nếu bạn đang bị bế tắc trong công việc hay trong tình trạng chán nản với công việc hiện tại thì hãy đọc cuốn sách này. Nó sẽ giúp bạn thoát khỏi bế tắc hiện tại và có góc nhìn lạc quan hơn.",270880693,270880694
Ai Tăng Lương Cho Bạn? 3 Bí Quyết Đơn Giản Để Thăng Tiến Và Hạnh Phúc Trong Công Việc,5,"5 sao vì dịch vụ đóng gói và vận chuyển đúng thời gian quy định. Bạn giao hàng tích cực tìm kiếm mặc dù anh ghi sai địa chỉ. Nhưng chê cách làm việc hệ thống của Tiki, đặt 2 lần bị lỗi, lần 3 thành công. Nhưng khi giao hàng lại ra tận 3 đơn.",270880693,270880694
Ai Tăng Lương Cho Bạn? 3 Bí Quyết Đơn Giản Để Thăng Tiến Và Hạnh Phúc Trong Công Việc,5,Đọc xong cảm thấy có ý chí tiếp tục cống hiến cho tư bản để sớm ngày được tăng lương quá!!!,270880693,270880694
Ai Tăng Lương Cho Bạn? 3 Bí Quyết Đơn Giản Để Thăng Tiến Và Hạnh Phúc Trong Công Việc,5,"Sách rất hay và cực kỳ phù hợp với thế hệ GenZ tụi mình, đọc tới khúc nào là cũng thấy gần y đúc mình gặp phải, rất đáng đồng tiền bát gạo lun Giao hàng cũng rất nhanh và sp nhận đúng như hình",270880693,270880694
Ai Tăng Lương Cho Bạn? 3 Bí Quyết Đơn Giản Để Thăng Tiến Và Hạnh Phúc Trong Công Việc,5,"Tác giả tưởng khô khan mà viết cuốn ko dứt ra được, trong buổi chiều cãi nhau với vợ dút hết cuốn.Thấy cãi nhau mà đọc sách lại chuyển hoá tốt lên.Thật nuôn",270880693,270880694
Ai Tăng Lương Cho Bạn? 3 Bí Quyết Đơn Giản Để Thăng Tiến Và Hạnh Phúc Trong Công Việc,4,"Giới trẻ nên đọc. Người già như mình thì đã thấm hơn cả tác giả rồi. Thế nhưng, tôi ước khi tôi trẻ, tôi đọc được những quyển như thế này, hơn là đọc những thứ siêu cao cấp và trừu tượng khác.",270880693,270880694
Ai Tăng Lương Cho Bạn? 3 Bí Quyết Đơn Giản Để Thăng Tiến Và Hạnh Phúc Trong Công Việc,5,Tiki Now giao nhanh quá. Sách hay và hữu ích,270880693,270880694
Ai Tăng Lương Cho Bạn? 3 Bí Quyết Đơn Giản Để Thăng Tiến Và Hạnh Phúc Trong Công Việc,5,"Rất thật, đôi khi như thấy lại hình ảnh của chính mình trong những câu chuyện của anh . Quyển sách cần thiết cho mình và những ai đang đi tìm hạnh phúc trong công việc. Cảm ơn tác giả ❤️",270880693,270880694
Ai Tăng Lương Cho Bạn? 3 Bí Quyết Đơn Giản Để Thăng Tiến Và Hạnh Phúc Trong Công Việc,5,Một quyển sách thật sự thú vị dành cho dân công sở. Bạn sẽ thấy chính mình qua từng câu chuyện tác giả chia sẻ. Xem thêm tại: https://locdenroi.com/lam-sao-de-tang-luong-va-hanh-phuc-trong-cong-viec/,270880693,270880694
Ai Tăng Lương Cho Bạn? 3 Bí Quyết Đơn Giản Để Thăng Tiến Và Hạnh Phúc Trong Công Việc,5,"một quyển sách vô cùng thú vị, hài hước và sâu sắc, các bạn trẻ là dân công sở nên đọc một lần. tiki giao hàng nhanh, gói hàng cẩn thận.",270880693,270880694
Ai Tăng Lương Cho Bạn? 3 Bí Quyết Đơn Giản Để Thăng Tiến Và Hạnh Phúc Trong Công Việc,5,Đẹp từ bìa tới nội dung cuốn sách. Đọc xong ngẫm lại thì quá đúng. Tôi phải đọc lại vài lần mới đã,270880693,270880694
Ai Tăng Lương Cho Bạn? 3 Bí Quyết Đơn Giản Để Thăng Tiến Và Hạnh Phúc Trong Công Việc,5,"Chưa đọc nên kh biết nội dung như nào. Tiki vẫn giao hàng nhanh như ngày nào. Sách mới, đẹp",270880693,270880694
Ai Tăng Lương Cho Bạn? 3 Bí Quyết Đơn Giản Để Thăng Tiến Và Hạnh Phúc Trong Công Việc,5,Cuốn sách thực sự hữu ích cho những bạn trẻ đang đi làm. Rất dễ đọc và hài hước,270880693,270880694
Ai Tăng Lương Cho Bạn? 3 Bí Quyết Đơn Giản Để Thăng Tiến Và Hạnh Phúc Trong Công Việc,5,Một quyển sách về phát triển bản thân các bạn trẻ nên đọc để có động lực vươn lên trong công việc.,270880693,270880694
Ai Tăng Lương Cho Bạn? 3 Bí Quyết Đơn Giản Để Thăng Tiến Và Hạnh Phúc Trong Công Việc,5,"Một cuốn sách rất chất lượng, dễ hiểu, dễ áp dụng cho bất cứ ai dù là nhà quản trị hay nhân viên 💪",270880693,270880694
Ai Tăng Lương Cho Bạn? 3 Bí Quyết Đơn Giản Để Thăng Tiến Và Hạnh Phúc Trong Công Việc,4,"Sách rất dễ đọc. Hữu ích cho các bạn salary people trẻ, và cả không còn trẻ nữa như tôi",270880693,270880694
Ai Tăng Lương Cho Bạn? 3 Bí Quyết Đơn Giản Để Thăng Tiến Và Hạnh Phúc Trong Công Việc,1,Giá quá cao. Cuốn sách mỏng và nội dung ít. Giá tầm dưới 100k thì hợp lý.,270880693,270880694
Ai Tăng Lương Cho Bạn? 3 Bí Quyết Đơn Giản Để Thăng Tiến Và Hạnh Phúc Trong Công Việc,5,Sách hay quá! Cách viết dí dỏm thực tế mà rất chuẩn!,270880693,270880694
Ai Tăng Lương Cho Bạn? 3 Bí Quyết Đơn Giản Để Thăng Tiến Và Hạnh Phúc Trong Công Việc,5,như hình,270880693,270880694
Ai Tăng Lương Cho Bạn? 3 Bí Quyết Đơn Giản Để Thăng Tiến Và Hạnh Phúc Trong Công Việc,5,"Sản phẩm giao đúng thời gian, chất lượng tốt",270880693,270880694
Ai Tăng Lương Cho Bạn? 3 Bí Quyết Đơn Giản Để Thăng Tiến Và Hạnh Phúc Trong Công Việc,5,Tốt,270880693,270880694
Sách Khi Mọi Điều Không Như Ý,5,"Mình vô tình thấy được cuốn sách này khi đang lướt tiki , và lúc đó mình cũng đang ở trong hoàn cảnh của tựa đề cuốn sách này nên mình đã quyết định mua . Kh biết là có thể tìm được giải pháp hay không , nhưng nếu đọc bằng suy nghĩ chậm thì chắc có thể thấu được!!",276960030,276960033
Sách Khi Mọi Điều Không Như Ý,5,"Cực kỳ hài lòng Sản phẩm có chất lượng đúng như mô tả, đóng gói chắc chắn, rất đáng tiền, giao hàng nhanh. P/s: Không có thời gian chụp hình nên mình lấy đỡ hình trên mạng up",276960030,276960033
Sách Khi Mọi Điều Không Như Ý,5,"giao hàng nhanh, sách được đóng seal và bọc chóng sốc, kỹ, nội dung thì ko cần phải bàn nữa tuyệt vời, đã từng trải nghiệm qua tác phẩm của đại đức và rất ấn tượng với lối hành văn và cái nhìn của đại đức nên tiếp tục ủng hộ đại đức",276960030,276960033
Sách Khi Mọi Điều Không Như Ý,5,"Sách hay, mình mua vào một ngày đầu năm mới để giữ cho trí luôn tỉnh đón chờ 1 năm đầy thử thách",276960030,276960033
Sách Khi Mọi Điều Không Như Ý,5,"Mình vô tình mua thôi, nhưng khi đọc xong mình cảm thấy “nhìn” cuộc đời nhẹ nhàng hơn ☺️ còn những cảm nhận còn lại mình muốn để riêng cho bản thân mình!",276960030,276960033
Sách Khi Mọi Điều Không Như Ý,5,"Sách hay, lôi cuốn. Tết cũng giao hỏa tốc.",276960030,276960033
Sách Khi Mọi Điều Không Như Ý,5,"Sách rất hay và sâu sắc, truyền tải những điều “tâm linh” bằng ngôn ngữ gần gũi, dễ hiểu, không cần theo đạo gì vẫn hiểu. Ưng ý nhất trong 3 quyển của thầy.",276960030,276960033
Sách Khi Mọi Điều Không Như Ý,5,sách nguyên seal mới tinh nhé,276960030,276960033
Sách Khi Mọi Điều Không Như Ý,5,"Nhiều thông điệp đơn giản, không nặng tính triết lý, nhưng hữu ích.",276960030,276960033
Sách Khi Mọi Điều Không Như Ý,5,Giao hàng nhanh. Đóng gói cẩn thận.,276960030,276960033
Sách Khi Mọi Điều Không Như Ý,3,Học hỏi tư tưởng từ thích nhất hạnh,276960030,276960033
Sách Khi Mọi Điều Không Như Ý,5,"Hay , Triết Lí , Sâu sắc . 1 cuốn sách nên đọc",276960030,276960033
Sách Khi Mọi Điều Không Như Ý,5,Love it nhẹ nhàng và ý nghĩa,276960030,276960033
Sách Khi Mọi Điều Không Như Ý,5,"Sách được đóng gói kĩ , giao hàng nhanh",276960030,276960033
Sách Khi Mọi Điều Không Như Ý,5,Good,276960030,276960033
Sách Khi Mọi Điều Không Như Ý,5,giao hàng đúng hẹn,276960030,276960033
Sách Khi Mọi Điều Không Như Ý,5,Nội dung dễ đọc và dễ ghi nhớ,276960030,276960033
Sách Khi Mọi Điều Không Như Ý,5,"Sách đẹp, đóng gói kĩ càng",276960030,276960033
Sách Khi Mọi Điều Không Như Ý,2,Không hay như kỳ vọng. Tệ tệ tệ,276960030,276960033
Sách Khi Mọi Điều Không Như Ý,5,Đọc ổn,276960030,276960033
Sách Khi Mọi Điều Không Như Ý,5,Ấn tượng với bìa sách nên đã mua 🙌,276960030,276960033
Sách Khi Mọi Điều Không Như Ý,5,Tuyệt vời,276960030,276960033
Sách Khi Mọi Điều Không Như Ý,5,Đã mua đủ 3 quyển của đại sư.,276960030,276960033
Sách Khi Mọi Điều Không Như Ý,5,......,276960030,276960033
Sách Khi Mọi Điều Không Như Ý,5,good,276960030,276960033
Sách Khi Mọi Điều Không Như Ý,5,Ok,276960030,276960033
Sách Khi Mọi Điều Không Như Ý,5,Nội dung bổ ich,276960030,276960033
Sách Khi Mọi Điều Không Như Ý,5,Một cuốn sách hay trọn vẹn,276960030,276960033
Sách Khi Mọi Điều Không Như Ý,5,"Sách hay , bài viết rất hữu ích",276960030,276960033
Sách Khi Mọi Điều Không Như Ý,5,Giao hàng quá nhanh,276960030,276960033
Sách Khi Mọi Điều Không Như Ý,5,Ok,276960030,276960033
Sách Người Đàn Ông Mang Tên Ove (Tái Bản 2022),5,"lâu lắm mình mới đặt lại sách trên tiki, vẫn là tiki không làm mình thất vọng từ khâu giao hàng đóng gói đến chất lượng sách quá ưng!!! đợt này sale mạnh nên mình đặt 3q cùng lúc quá rẻ, sáng mai đã giao rồi, shipper rất nice luôn 🤩 tuyệt vời quá 10đ cho tiki nhéee 💓💓",202879294,202879295
Sách Người Đàn Ông Mang Tên Ove (Tái Bản 2022),5,"Bìa sách đẹp, tuy nhiên hơi bị cong một tí ở gáy nhưng vẫn ổn lắm. Được kèm theo cả bookmark nữa. Tuy gáy sách vẫn còn vấn đề nhưng sách lại chất lượng nha. Nói chung đáng tiền đáng mua.",202879294,202879295
Sách Người Đàn Ông Mang Tên Ove (Tái Bản 2022),4,"sách mình chưa đọc nhưng nghe rv hay nên mình mua, còn 4s là vì vận chuyển làm lủng 1 lỗ to trên đơn của mình, may mà mình đặt sách với có chống sốc nên sách còn nguyên vẹn mong bên tiki xem lại chứ nhận hàng mà thấy z cũng hoảng á🥲",202879294,202879295
Sách Người Đàn Ông Mang Tên Ove (Tái Bản 2022),5,"TIKI CHƯA BAO GIỜ LÀM MÌNH THẤT VỌNG VỀ KHÂU ĐÓNG VÀ GIAO HÀNG ĐÂU Ý . 1000 điểm không nói nhìu 💕 Về sách thì nhìn rất ưng mắt , giấy đẹp , mịn . ND thì mình chưa thử xem nhưng thấy review là hay lắm 👍🏻",202879294,202879295
Sách Người Đàn Ông Mang Tên Ove (Tái Bản 2022),4,"Một người già bề ngoài khó tính, từ khi vợ ông mất đi, ông chỉ muốn chết. Từ tuổi thơ khó khăn, đến khi lập gia đình cũng là người khó gần, thật thà và chỉ biết có công việc. Ông rất chiwwuf bà nên sự ra đi của bà cũng làm cho cs ông như kêta thúc. Ông chỉ muoona chêta quách cho xong, nhưng lần nào xũng vậy ông lại bị cản trở sự chết, và ông lại phải đi giúp đỡ hàng xóm. Có 1 chút nhẹ nhàng cho ta cảm thông với cuộc sống người khác, nhất là với người già.",202879294,202879295
Sách Người Đàn Ông Mang Tên Ove (Tái Bản 2022),5,"Sách rất đẹp, mình thích loại giấy này. Nội dung sách rất hay, về 1 người đàn ông tên Ove sau khi mất vợ đã tìm mọi cách để 44, mình chìm trong sự trống rỗng và nỗi đau k nên lời của ông ấy. Kết thúc lại rất happy nhé mọi người. Có lẽ mọi nỗi đau trên đời sẽ qua vì cuộc sống khá nhiều điều tốt đẹp đang chờ nếu mình sống hết mình, sống như Ove ;)) phát hiện ra có phim chuyển thể trên netflix đấy ạ",202879294,202879295
Sách Người Đàn Ông Mang Tên Ove (Tái Bản 2022),5,"Mình đọc được 1/3 cuốn và mình cảm thấy đây là một cuốn sách rất hay, nỗi đau và nỗi cô đơn được khắc hoạ rất sâu sắc thông qua sự mạnh mẽ và nguyên tắc của nhân vật Ove NHƯNG nếu bạn là người vừa trãi qua nỗi đau mất người thân và vẫn chưa thể vượt qua, vậy mình khuyên bạn đừng nên đọc cuốn này hoặc hãy cân nhắc trước khi đọc!!! Mình đã huhu rất nhiều và quyết định drop nó một thời gian, cuốn sách này tác động quá mạnh đến mình và khiến mình suy nghĩ nhiều chuyện rất tiêu cực (thậm chí là nghĩ đến việc 44) VẬY NÊN, HÃY CÂN NHẮC TRƯỚC KHI ĐỌC ❤️",202879294,202879295
Sách Người Đàn Ông Mang Tên Ove (Tái Bản 2022),4,"Bìa sách đẹp, giấy láng mịn rất thích, nội dung hay - cảm động - tình thương và những điều tốt đẹp. Bị lỗi chính tả.",202879294,202879295
Sách Người Đàn Ông Mang Tên Ove (Tái Bản 2022),5,"Truyện rất rất hay, một ông lão khó tính, luôn to tiếng, càu nhàu nhưng lại mang một trái tim ấm áp, một tình yêu chung thuỷ. Câu chuyện không chỉ về ông lão, mà còn về người vợ ông, một con người tốt bụng, tích cực, nghị lực và những người hàng xóm khác. Mọi thứ đưa mình từ thú vị, đáng yêu đến cảm động. Mình sẽ đọc thêm những tác phẩm khác của tác giả.",202879294,202879295
Sách Người Đàn Ông Mang Tên Ove (Tái Bản 2022),5,"Một cuốn sách chữa lành, theo ý mình. Tác giả đan xen những mẩu chuyện hiện tại lẫn quá khứ một cách rất tinh tế. Khi ta có thể thông cảm hơn đối với những người già khó tính, có thể lạc quan hơn vào cuộc sốn và cảm thấy nhẹ nhàng hơn đối với bản thân. Một cuốn sách hài hước nhưng vẫn buồn man mác",202879294,202879295
Sách Người Đàn Ông Mang Tên Ove (Tái Bản 2022),5,"Shipper giao hàng siêuuuuuuuu nhanh, shop đóng gói cẩn thận. Sách được bọc nguyên seal, có bọc chống sốc bên ngoài. Nội dung chưa đọc nên chưa biết nhưng đã mua vì 1 câu nói trong sách. Rất okela luôn, nên mua nha 👍👍👍.",202879294,202879295
Sách Người Đàn Ông Mang Tên Ove (Tái Bản 2022),5,"Sách rất hay nha, khúc đầu cuốn sách thì cảm thấy hơi chán một tí nhưng sau khi hiểu rõ về ông Ove thì mình đã vừa khóc vừa cười vì ông. Nội dung, nhân vật vô cùng dễ thương, dí dỏm. Câu chuyện trong cuốn sách nói rất nhiều về cái chết nhưng lại không hề nặng nề, mà vô cùng sâu sắc. Ông Ove tuy cáu kỉnh nhưng lại tốt bụng và dễ thương vô cùng.",202879294,202879295
Sách Người Đàn Ông Mang Tên Ove (Tái Bản 2022),5,"Ngay từ những trang sách đầu tiên, Ove hiện lên là một lão già cộc tính, khó ưa và luôn tuân theo những nguyên tắc một cách cứng nhắc. Sau khi vợ qua đời, ông đã lên kế hoạch để tự tử bằng nhiều cách khác nhau. Tuy nhiên, những nỗ lực tìm đến cái chết của ông luôn thất bại bằng nhiều tình huống dở khóc dở cười. Qua những câu chuyện xen lẫn hiện tại và quá khứ cùng giọng văn dí dỏm nhưng cũng không kém phần sâu lắng, tác giả hé lộ cho người đọc về câu chuyện tình yêu đầy cảm động và cả những mất mát, tổn thương mà Ove phải trải qua. Sonja, vợ ông, là một tia sáng lấp lánh trong cuộc đời đầy u uất Ove. Bà chấp nhận con người thật của ông và cho ông biết cảm giác được sống và được yêu thương. Ánh mắt cay nghiệt của ông đối với cuộc đời chỉ là kết quả của sự bất lực trước một thế giới hỗn loạn ở thời đại ngày nay. Dù vậy, ông cũng dần khám phá ra tình cảm chân thành và sự tử tế giữa người và người, đồng thời học cách mở lòng và đón nhận thế giới dưới một góc nhìn tích cực hơn.",202879294,202879295
Sách Người Đàn Ông Mang Tên Ove (Tái Bản 2022),5,"Chất lượng đóng gói rất ổn, Mua ở Tiki Trading khá an tâm dù đôi lúc có sản phẩm bị lỗi xíu, nhưng dạo gần đây đã có sự cải thiện đáng kể, nên khi nhận hàng về rất ưng ý, nên 5 sao ủng hộ shop. Ngoài ra còn được deal hỗ trợ 40% cho mặt hàng này, mà mình canh sale nhiều chỗ chưa có được mức chiết khấu hợp lý vẫy nên đã dứt e nó về và tặng bạn ❤️ Giá cả, nội dung, chất lượng sản phẩm và đóng gói tất cả đều ổn nên cho 5 sao.",202879294,202879295
Sách Người Đàn Ông Mang Tên Ove (Tái Bản 2022),5,"Mình xem phim Người đàn ông mang tên OTTO trước khi mua sách. Mình thích đọc sách hơn, thấy nhiều nét tâm lý nhân vật hơn. Và thấy tình yêu của Ove dành cho Sonja thật nhiều, thật lớn. Tôi không tin vào soulmate, không tin vào love at first sight nhưng tôi luôn ngưỡng mộ những người tìm được soulmate của mình và cũng ước mình gặp được soulmate chứ bộ 🤣.",202879294,202879295
Sách Người Đàn Ông Mang Tên Ove (Tái Bản 2022),4,"Mình thấy sách rất hay,9/10. Nhưng sách có 1 số lỗi như mực in bị mờ, mất nét, sai chính tả, và bị bung keo dù mình mở sách không quá to🤧.",202879294,202879295
Sách Người Đàn Ông Mang Tên Ove (Tái Bản 2022),3,"Vẫn bị móp góc, đóng gói rất mỏng, chỉ duy nhất 1 lớp chống sóc, hộp giao tới nơi bị rách te tua luôn. Mong tiki khắc phục",202879294,202879295
Sách Người Đàn Ông Mang Tên Ove (Tái Bản 2022),5,"đọc xong mới hiểu vì sao quyển này nổi rồi, hay đến nỗi mình phải múc thêm hai quyển của chú Fredrik Backman để thẩm ⭐️⭐️⭐️⭐️⭐️/5 sao",202879294,202879295
Sách Người Đàn Ông Mang Tên Ove (Tái Bản 2022),5,"sách cực hay ,raqts cảm động ,lời văn tinh tế và cách tqcs giả bộc lộ cảm xúc ko bị sến ,tác phẩm này vừa hài vừa buồn ,nên mua",202879294,202879295
Sách Người Đàn Ông Mang Tên Ove (Tái Bản 2022),5,"Rất ấn tượng với nhân vật chính, một nhân vật đời thường nhưng rất đáng ngưỡng mộ. Ngưỡng mộ vì cách sống chuẩn chỉnh, đến cả những việc nhỏ nhặt, như định kỳ sẽ làm gì. Mẫu người đàn ông tuyệt vời, rất đáng để người khác học hỏi.",202879294,202879295
Sách Người Đàn Ông Mang Tên Ove (Tái Bản 2022),5,"Gói hàng kĩ, chất lượng, có tặng kèm bookmark",202879294,202879295
Sách Người Đàn Ông Mang Tên Ove (Tái Bản 2022),5,Shop đóng gói cẩn thận và giao nhanh. Đã ủng hộ shop n lần.,202879294,202879295
Sách Người Đàn Ông Mang Tên Ove (Tái Bản 2022),4,"4 sao cho nội dung sách Hay, hài hước, buồn đúng là không phí tiền mn ạ, mn có thể lên ytb xem review nhé. Vận chuyển tiki nhanh, vì mình cũng gần nên sách chưa bị vấn đề gì hết, nhưng đọc được khoảng 1t thì mình mới để ý trang cuối nó bị lỏng từ lúc mua và giờ sức ra, :), sách giải mỏng nhất mình từng mua.",202879294,202879295
Sách Người Đàn Ông Mang Tên Ove (Tái Bản 2022),5,"ok tốt lắm nên mua nha , đóng gói kĩ càng chu đáo giao nhanh đúng hẹn",202879294,202879295
Sách Người Đàn Ông Mang Tên Ove (Tái Bản 2022),2,"sách mặc dù vẫn bọc nma giấy bên trong như sách cũ có vết mực ở nhiều trang, có mấy trang còn bị nhăn, chữ k rõ nữa",202879294,202879295
Sách Người Đàn Ông Mang Tên Ove (Tái Bản 2022),5,"Mình mua cuốn này thông qua video review sách của anh Vui Lên. Trời ơi, sách quá hay luôn TT, mình đã khóc rất nhiều khi đọc cuốn sách này (có lẽ mình đồng cảm với nhân vật). Lúc tác giả miêu tả tình yêu, sự nhớ nhung của ông Ove với bà Sonja, rất đẹp, có một câu mình nhớ thế này ""Cuộc đời ông là những màu đen trắng, nhưng khi có bà, bà là cả màu sắc cuộc đời ông"" quá hay",202879294,202879295
Sách Người Đàn Ông Mang Tên Ove (Tái Bản 2022),5,"Sản phẩm chất lượng tốt Nội dung thì không có gì phải bàn oig Tiki giao hàng nhanh, thiếu chống bảo vệ sách, mih mong tiki trading sẽ cải thiện thêm lớp bọc bảo vệ sách",202879294,202879295
Sách Người Đàn Ông Mang Tên Ove (Tái Bản 2022),3,"Truyện hay nhưng sách in bị lỗi nhiều chỗ, sách có vệt hoặc mất vài chữ cái ở vài trang.",202879294,202879295
Sách Người Đàn Ông Mang Tên Ove (Tái Bản 2022),5,"Sách dóng gói cẩn thận, có bọc chống sốc, không trầy xước và in ấn sắc nét",202879294,202879295
Sách Người Đàn Ông Mang Tên Ove (Tái Bản 2022),5,"Review Người đàn ông mang tên Ove - Fredrik Backman ""Mọi người thường bảo Ove rằng ông chỉ nhìn đời theo hai màu đen trắng. Còn bà là màu sắc. Tất cả màu sắc của ông."" Tình cờ mình thấy quyển sách này trên Fonos. Tò mò nghe thử xem sao, thích quá nên đã mua luôn. Và quả thực đúng như mình kì vọng, ""Người đàn ông mang tên Ove""chính thức là quyển sách hay nhất tháng 2 của mình (mặc dù chưa hết tháng nhưng mình không có ý định đọc thêm). Nội dung kể về ông Ove, sau khi vợ ông mất được 6 tháng vào ngày ông nghỉ hưu đầu tiên, ông quyết định lên kế hoạch tự tử. Nhưng không dễ dàng như vậy, mỗi khi ông định kết thúc cuộc đời mình, những sự việc bất ngờ luôn xảy ra khiến ông phải hoãn lại việc đó. Ove là một người rất yêu vợ, đó cũng là điều khiến mình yêu quý và ngưỡng mộ ông. Mình cũng yêu quý bà Sonja. Yêu một nhà giáo đặc biệt như bà, mình ấn tượng mãi đoạn Adrian rất quý bà Sonja vì bà không giống những người giáo viên khác, bà không chửi Adrian ngu như bò. Bà dạy Adrian đọc sách của Shakespeare. Điều khiến mình buồn nhất là khi Sonja mất đi đứa con. Nỗi đau của một người mẹ mất con thật đau khổ biết bao. Nhưng sau đó bà vẫn rất lạc quan đối diện với mọi thứ. Vẫn còn nhiều điều khó có thể diễn đạt bằng con chữ này lắm, nếu có dịp mình highly recommend mọi người quyển này nhé. Rate:4.75/5 ⭐ IG review sách: quinh42_reading",202879294,202879295
Sách Người Đàn Ông Mang Tên Ove (Tái Bản 2022),5,"Cuốn này thì quá là nổi rùi, mình đã đọc bản onl rồi, mua sách để sưu tầm mà thấy thích ghê luôn á",202879294,202879295
Sách Người Đàn Ông Mang Tên Ove (Tái Bản 2022),5,"1 câu chuyện quá hợp lý, hợp lý với cả những câu chuyện ở quá khứ và ở đương thời. Hãy đọc và tận hưởng cuộc sống",202879294,202879295
Sách Người Đàn Ông Mang Tên Ove (Tái Bản 2022),5,"Giao hàng nhanh, đóng gói cẩn thận, sách đẹp....",202879294,202879295
Sách Người Đàn Ông Mang Tên Ove (Tái Bản 2022),5,Mua chỉ vì tác giả,202879294,202879295
Sách Người Đàn Ông Mang Tên Ove (Tái Bản 2022),5,Sách đẹp. Nhận đc ko hề móp méo. Tiki luôn uy tín. Xem phim A man called Otto thấy hay quá nên quyết định mua sách 😁,202879294,202879295
Sách Người Đàn Ông Mang Tên Ove (Tái Bản 2022),5,"Sách có nội hay cảm xúc ,mình có bản giấy và mua cả bản audio",202879294,202879295
Sách Người Đàn Ông Mang Tên Ove (Tái Bản 2022),5,"Nhẹ nhàng, đọc mà thấy ngưỡng mộ tình yêu của nhân vật ove cho sonija, khóc 1 chút",202879294,202879295
Sách Người Đàn Ông Mang Tên Ove (Tái Bản 2022),5,Sách ổn 98% Hy vọng sách sẽ hay như kì vọng,202879294,202879295
Sách Người Đàn Ông Mang Tên Ove (Tái Bản 2022),5,"Bọc sách bookcare rất đẹp, sách giao nhah, đóng gói kĩ càng.",202879294,202879295
Sách Người Đàn Ông Mang Tên Ove (Tái Bản 2022),5,"Tiki giao hàng nhanh và đúng hẹn. Sách được bọc kĩ và có chống sốc. Thích dịch vụ của tiki, luôn uy tín với khách hàng",202879294,202879295
Sách Người Đàn Ông Mang Tên Ove (Tái Bản 2022),5,"Hàng đẹp mắt ,đóng gói kĩ",202879294,202879295
Sách Người Đàn Ông Mang Tên Ove (Tái Bản 2022),3,Có thể ko hợp gu nên ko thấy hay lắm. Đọc ko vào. Cảm giác nó cứ nhạt nhoà,202879294,202879295
Sách Người Đàn Ông Mang Tên Ove (Tái Bản 2022),5,"Sách hay, ngôn từ nhẹ nhàng, đáng đọc!!",202879294,202879295
Sách Người Đàn Ông Mang Tên Ove (Tái Bản 2022),5,"Siêu ưng luôn ý, hàng được bọc cẩn thận không bị móp méo, giao hàng nhanh, sẽ tiếp tuvj mua lần sau.",202879294,202879295
Sách Người Đàn Ông Mang Tên Ove (Tái Bản 2022),5,"sách hay, đáng đọc",202879294,202879295
Sách Người Đàn Ông Mang Tên Ove (Tái Bản 2022),4,"Sách hay, nội dung hấp dẫn, truyện kể về người đàn ông Ove trong những ngày cuối cùng tìm tới cái chết để đi theo tình yêu của đời mình, chính là người vợ của ông. Thoạt đầu tưởng như Ove là người khó tính, khó gần nhưng không, qua mỗi sự việc mở ra cho người đọc về một người đàn ông bộc trực, có nguyên tắc sống và đầy tình yêu thương.",202879294,202879295
Sách Người Đàn Ông Mang Tên Ove (Tái Bản 2022),5,"Sách đẹp, không bị móp méo gì nha",202879294,202879295
Sách Người Đàn Ông Mang Tên Ove (Tái Bản 2022),4,háo hức lắm á mà nhận sách vậy thấy hơi bùn ahuhu,202879294,202879295
Sách Người Đàn Ông Mang Tên Ove (Tái Bản 2022),5,"gói hàng cẩn thận, giao nhanh và đúng giờ",202879294,202879295
Sách Người Đàn Ông Mang Tên Ove (Tái Bản 2022),4,"Sách nhận về mà trông như sách cũ, có vài vết bẩn ở đầu sách",202879294,202879295
Sách Người Đàn Ông Mang Tên Ove (Tái Bản 2022),5,Giao hàng nhanh chóng và đóng gói cẩn thận. Sách nguyên seal không trầy xước. Cảm ơn shop.,202879294,202879295
Sách Người Đàn Ông Mang Tên Ove (Tái Bản 2022),5,Sách rất đẹp đóng cẩn thận Nội dung hay ý nghĩa,202879294,202879295
Sách Người Đàn Ông Mang Tên Ove (Tái Bản 2022),4,"Đọc chữa lành, khá hay, cảm động",202879294,202879295
Sách Người Đàn Ông Mang Tên Ove (Tái Bản 2022),5,Giao siêu nhanh. Sách có seal được gói cẩn thận,202879294,202879295
Sách Người Đàn Ông Mang Tên Ove (Tái Bản 2022),4,Tiki oki Nội dung tạm được,202879294,202879295
Sách Người Đàn Ông Mang Tên Ove (Tái Bản 2022),5,"Sách đẹp, đóng gói cẩn thận",202879294,202879295
Sách Người Đàn Ông Mang Tên Ove (Tái Bản 2022),5,Đóng gói rất kĩ,202879294,202879295
Sách Người Đàn Ông Mang Tên Ove (Tái Bản 2022),5,Shop đóng gói cẩn thận và giao nhanh. Sẽ tiếp tục ủng hộ shop ah,202879294,202879295
Sách Người Đàn Ông Mang Tên Ove (Tái Bản 2022),5,Hàng giao nhanh ko móp méo gì cả nguyên seal nên ko lo về chất lượng,202879294,202879295
Sách Người Đàn Ông Mang Tên Ove (Tái Bản 2022),5,"Giao hàng nhanh, sách được đóng gói rất kỹ",202879294,202879295
Sách Người Đàn Ông Mang Tên Ove (Tái Bản 2022),5,Giao hàng nhanh,202879294,202879295
Sách Người Đàn Ông Mang Tên Ove (Tái Bản 2022),1,Sách mờ lỗi kh tốt mong ad đổi lại sách giúp,202879294,202879295
Sách Người Đàn Ông Mang Tên Ove (Tái Bản 2022),5,Hàng đẹp,202879294,202879295
Sách Người Đàn Ông Mang Tên Ove (Tái Bản 2022),5,Người đàn ông tiếp tục sống vì có người cần đến mình trên cuộc đời này,202879294,202879295
Sách Người Đàn Ông Mang Tên Ove (Tái Bản 2022),5,"Giao hàng nhanh, đóng gói cẩn thận",202879294,202879295
Sách Người Đàn Ông Mang Tên Ove (Tái Bản 2022),4,Mặc dù bên tiki xử lý đổi sách hơi lâu nhưng vẫn ok,202879294,202879295
Sách Người Đàn Ông Mang Tên Ove (Tái Bản 2022),5,Đóng gói cẩn thận,202879294,202879295
Sách Người Đàn Ông Mang Tên Ove (Tái Bản 2022),5,Mua đi tin t nhiều cái hay lắm,202879294,202879295
Sách Người Đàn Ông Mang Tên Ove (Tái Bản 2022),5,"Mười điểm, tôi không còn gì để chê luôn á, sách không hề bị lỗi như mọi lần mình mua, xịn xịn nha",202879294,202879295
Sách Người Đàn Ông Mang Tên Ove (Tái Bản 2022),4,"Nội dung siêu chữa lành khi đọc chậm và từ từ để ngấm,sách mới ko móp méo",202879294,202879295
Sách Người Đàn Ông Mang Tên Ove (Tái Bản 2022),5,"Sách đẹp, gói cẩn thận, chưa đọc nhưng mọi người review khá hay",202879294,202879295
Sách Người Đàn Ông Mang Tên Ove (Tái Bản 2022),5,Xịn như mấy cuốn kia,202879294,202879295
Sách Người Đàn Ông Mang Tên Ove (Tái Bản 2022),5,Tốt,202879294,202879295
Sách Người Đàn Ông Mang Tên Ove (Tái Bản 2022),5,Đóng gói kỹ càng. Sách rất hay đọc rất cuốn.,202879294,202879295
Sách Người Đàn Ông Mang Tên Ove (Tái Bản 2022),5,"Đóng gói chỉnh chu, giao hàng nhanh. Sách còn nguyên bao nên mình ưng lắm",202879294,202879295
Sách Người Đàn Ông Mang Tên Ove (Tái Bản 2022),5,Sách mới đẹp,202879294,202879295
Sách Người Đàn Ông Mang Tên Ove (Tái Bản 2022),5,"sách hay, đóng gói cẩn thận",202879294,202879295
Sách Người Đàn Ông Mang Tên Ove (Tái Bản 2022),4,Chưa cảm nhận dc,202879294,202879295
Sách Người Đàn Ông Mang Tên Ove (Tái Bản 2022),5,"Ổn , đóng gói tốt hơn trc",202879294,202879295
Sách Người Đàn Ông Mang Tên Ove (Tái Bản 2022),5,"Đọc xong mới đánh giá, truyện rất hay nhé, đọc có đoạn mình rưng rưng nước mắt.",202879294,202879295
Sách Người Đàn Ông Mang Tên Ove (Tái Bản 2022),5,Sách hay và ý nghĩa. Shop đóng hói hàng rất cẩn thận.,202879294,202879295
Sách Người Đàn Ông Mang Tên Ove (Tái Bản 2022),5,Truyện hay lắm nha mọi người,202879294,202879295
Sách Người Đàn Ông Mang Tên Ove (Tái Bản 2022),5,"Sách mới, còn trong màng bọc luôn. Nội dung mới đọc được gần 70 trang nhưng cuốn hút thật sự. Rất đáng để mua nha mấy bạn.",202879294,202879295
Sách Người Đàn Ông Mang Tên Ove (Tái Bản 2022),5,Một cuốn sách hay!,202879294,202879295
Sách Người Đàn Ông Mang Tên Ove (Tái Bản 2022),4,"Tốt,giao hàng nhanh có bookmark ❤️",202879294,202879295
Sách Người Đàn Ông Mang Tên Ove (Tái Bản 2022),1,"Không gọi giao hàng, không kiểm tra app là không biết đã giao hàng",202879294,202879295
Sách Người Đàn Ông Mang Tên Ove (Tái Bản 2022),5,"Giao nhanh,đóng gói kỹ nên sách không bị móp,shipper dễ thương",202879294,202879295
Sách Người Đàn Ông Mang Tên Ove (Tái Bản 2022),5,"Đóng gói cẩn thận, sách đẹp! Nice!",202879294,202879295
Sách Người Đàn Ông Mang Tên Ove (Tái Bản 2022),5,tốt,202879294,202879295
Sách Người Đàn Ông Mang Tên Ove (Tái Bản 2022),3,"Lần đầu tiên mua sách trên tiki mà bị như vậy luôn, sách nhăn nhúm hơn mười mấy trang, quá buồn",202879294,202879295
Sách Người Đàn Ông Mang Tên Ove (Tái Bản 2022),5,Rất đáng đọc nha các b siêu chữa lành huhu,202879294,202879295
Sách Người Đàn Ông Mang Tên Ove (Tái Bản 2022),5,"Sách đẹp, bịc hàng cẩn thận",202879294,202879295
Sách Người Đàn Ông Mang Tên Ove (Tái Bản 2022),5,4.5,202879294,202879295
Sách Người Đàn Ông Mang Tên Ove (Tái Bản 2022),5,Sách bọc kĩ. In ấn đẹp,202879294,202879295
Sách Người Đàn Ông Mang Tên Ove (Tái Bản 2022),5,perfect,202879294,202879295
Sách Người Đàn Ông Mang Tên Ove (Tái Bản 2022),5,"Sách in đẹp, có bọc màng co nên mới tinh. Nội dung hay. Câu chuyện cảm động.",202879294,202879295
Sách Người Đàn Ông Mang Tên Ove (Tái Bản 2022),5,đóng gói okla nha,202879294,202879295
Sách Người Đàn Ông Mang Tên Ove (Tái Bản 2022),5,"Hay, cảm động",202879294,202879295
Sách Người Đàn Ông Mang Tên Ove (Tái Bản 2022),5,"Sách hay và cảm động. Tiki giao hàng nhanh, sách về đẹp.",202879294,202879295
Sách Người Đàn Ông Mang Tên Ove (Tái Bản 2022),5,Ổn và nội dung rất hayyyyyyyyyyu,202879294,202879295
Sách Người Đàn Ông Mang Tên Ove (Tái Bản 2022),5,"Sách mới, còn nguyên seal luôn.",202879294,202879295
Sách Người Đàn Ông Mang Tên Ove (Tái Bản 2022),5,"Giá tốt, đóng gói cẩn thận",202879294,202879295
Sách Người Đàn Ông Mang Tên Ove (Tái Bản 2022),5,"Mình săn sale 40% nên giá rất ổn. Lần này trộm vía sách giao đúng hạn (tầm 36 tiếng), được đóng gói khá tốt và cẩn thận. Cuốn này thì quá nổi tiếng rồi 💝",202879294,202879295
Sách Người Đàn Ông Mang Tên Ove (Tái Bản 2022),5,"Cách hành văn của tác giả nhiều lúc hơi khó đọc , nhưng nội dung cực kì hay",202879294,202879295
Sách Người Đàn Ông Mang Tên Ove (Tái Bản 2022),5,"giao hàng nhanh, sách được đóng gói cẩn thận, còn bao kính bên ngoài",202879294,202879295
Sách Người Đàn Ông Mang Tên Ove (Tái Bản 2022),5,"Sách được bọc chống sốc nè mn, nên sẽ không có bị gãy góc sách nữa, 10đ cho nnxbt",202879294,202879295
Sách Người Đàn Ông Mang Tên Ove (Tái Bản 2022),5,"giao nhanh, có bookcare",202879294,202879295
Sách Người Đàn Ông Mang Tên Ove (Tái Bản 2022),4,Nội dung hay nhẹ nhàng ý nghĩa,202879294,202879295
Sách Người Đàn Ông Mang Tên Ove (Tái Bản 2022),5,"Sách mới tinh, còn bọc nguyên seal. Mình xem phim nên mới mua thêm sách, phim rất ý nghĩa, nên mình nghĩ sách cũng vậy.",202879294,202879295
Sách Người Đàn Ông Mang Tên Ove (Tái Bản 2022),4,Good,202879294,202879295
Sách Người Đàn Ông Mang Tên Ove (Tái Bản 2022),5,"Sách hay, nội dung lôi cuốn, nhân văn",202879294,202879295
Sách Người Đàn Ông Mang Tên Ove (Tái Bản 2022),4,Không thích phong cách này cho lắm. Truyện đọc cũng ổn.,202879294,202879295
Sách Người Đàn Ông Mang Tên Ove (Tái Bản 2022),5,"Sách mới, đóng gói đẹp, giao nhanh",202879294,202879295
Sách Người Đàn Ông Mang Tên Ove (Tái Bản 2022),5,Truyện rất lôi cuốn và cảm động,202879294,202879295
Sách Người Đàn Ông Mang Tên Ove (Tái Bản 2022),5,"Hay , thú vị . Giao hàng nhanh",202879294,202879295
Sách Người Đàn Ông Mang Tên Ove (Tái Bản 2022),4,"Sách bọc đẹp , nội dung mức khá ! Giao hàng hơi lâu",202879294,202879295
Sách Người Đàn Ông Mang Tên Ove (Tái Bản 2022),5,"Sách hay, nhiều bài học nhân văn đằng sau. Đáng đọc lắm nha mn!!!",202879294,202879295
Sách Người Đàn Ông Mang Tên Ove (Tái Bản 2022),5,"Sách bọc kĩ, mới ưng x10",202879294,202879295
Sách Người Đàn Ông Mang Tên Ove (Tái Bản 2022),5,"Nội dung hay, sách đẹp.",202879294,202879295
Sách Người Đàn Ông Mang Tên Ove (Tái Bản 2022),2,Sách giáo bị nhăn dù đã bọc ngoài,202879294,202879295
Sách Người Đàn Ông Mang Tên Ove (Tái Bản 2022),5,"Sách hay, giao hàng nhanh.",202879294,202879295
Sách Người Đàn Ông Mang Tên Ove (Tái Bản 2022),5,Ok,202879294,202879295
Sách Người Đàn Ông Mang Tên Ove (Tái Bản 2022),5,Sách đẹp,202879294,202879295
Sách Người Đàn Ông Mang Tên Ove (Tái Bản 2022),5,"Sách đẹp, không vấn đề j",202879294,202879295
Sách Người Đàn Ông Mang Tên Ove (Tái Bản 2022),5,hay,202879294,202879295
Sách Người Đàn Ông Mang Tên Ove (Tái Bản 2022),5,Siêu cute,202879294,202879295
Sách Người Đàn Ông Mang Tên Ove (Tái Bản 2022),5,Hay lắm,202879294,202879295
Sách Người Đàn Ông Mang Tên Ove (Tái Bản 2022),5,"Sách hay, bìa đẹp",202879294,202879295
Sách Người Đàn Ông Mang Tên Ove (Tái Bản 2022),5,Sách đẹp,202879294,202879295
Combo Doraemon - Truyện Dài (Trọn Bộ 24 Cuốn) - Tái Bản,1,"Đồ mới mình mua đi tặng mà kiểm tra sách sứt mẻ, nhăn nheo hết cả bìa thế này mình sao tặng được. Hộp đựng cũng xấu nữa. Mình mới nhận hôm nay thôi đấy, yêu cầu bên bạn xử lý ngay giúp mình. Tạm thời đánh giá 1 sao nhé. ~ Hà Nội ngày 30/12/2021",13920941,13920942
Combo Doraemon - Truyện Dài (Trọn Bộ 24 Cuốn) - Tái Bản,5,Giao hảng nhanh chóng Đóng gói cẩn thận 9/9 nhưng Tiki vẫn rất chu đáo và chuyên nghiệp.,13920941,13920942
Combo Doraemon - Truyện Dài (Trọn Bộ 24 Cuốn) - Tái Bản,5,Rất tốt. Có vẻ kích thước nhỏ hơn mình nhớ. Cách đọc từ phải sang trái nhưng chữ Việt thì phải đọc từ trái sang phải nên cứ thấy sai sai.,13920941,13920942
Combo Doraemon - Truyện Dài (Trọn Bộ 24 Cuốn) - Tái Bản,5,"Sách mới cứng, rất ưng ý.",13920941,13920942
Combo Doraemon - Truyện Dài (Trọn Bộ 24 Cuốn) - Tái Bản,5,"Sách đẹp giấy in rõ ràng, người lớn và trẻ em đều thích",13920941,13920942
Combo Doraemon - Truyện Dài (Trọn Bộ 24 Cuốn) - Tái Bản,5,"Hồi nhỏ mê Doraemon lắm thì nhà không có đủ điều kiện để mua truyện sưu tầm, toàn mượn bạn đọc ké, sau này đi làm rồi có dư rồi thì ngay đợt tái bản này mình mua về xem với để dành luôn ? Theo mình thấy thì giấy mỏng hơn ngày xưa nhiều, khi đọc thì theo hướng từ phải qua trái nhưng mỗi khung truyện thì đọc từ trái qua phải, dịch cũng khác nên khi ngấu nghiến các tập truyện thì vẫn rất háo hức nhưng cái cảm xúc mê mẩn khi đọc hồi bé thì nó không còn nữa. Nhưng ai thích mà không có cơ hội mua bộ cũ thì mình nghĩ vẫn nên mua bộ này nhe, in cũng rõ ràng lắm, tuy giấy mỏng nhưng không tới nổi mấy trang truyện chồng qua nhau đâu.",13920941,13920942
Combo Doraemon - Truyện Dài (Trọn Bộ 24 Cuốn) - Tái Bản,1,Sản phẩm giống như đã bị mở ra trước khi giao. Tôi rất không hài lòng về việc này. Nếu sản phẩm có giá trị cao thì sẽ bị đánh tráo hay trộm mất. Đã mua tại tiki nhiều lần mà sao lần giáp hàng này tệ quá,13920941,13920942
Combo Doraemon - Truyện Dài (Trọn Bộ 24 Cuốn) - Tái Bản,5,May mắn được Tiki tặng 500k nên tậu ngay nguyên bộ Doraemon này về như một vé tuổi thơ cho chính mình cũng như dành cho những đứa con của mình. Cảm ơn Tiki nhiều vì giao hàng nhanh và đóng gói kỹ chắc chắn.,13920941,13920942
Combo Doraemon - Truyện Dài (Trọn Bộ 24 Cuốn) - Tái Bản,5,"Bao gói cẩn thận, giao hàng nhanh.",13920941,13920942
Combo Doraemon - Truyện Dài (Trọn Bộ 24 Cuốn) - Tái Bản,5,Giao hàng siêu nhanh. Đóng gói cẩn thận. Được giảm giá nên nhanh chóng hốt nguyên bộ.,13920941,13920942
Combo Doraemon - Truyện Dài (Trọn Bộ 24 Cuốn) - Tái Bản,4,"Đã nhận được truyện. Tiki giao đầy đủ 24 tập, seal hơi rách nhưng truyện còn mới và thẳng đẹp. Mình mua áp mã HSO nên giá ổn. Tuy nhiên mình trừ 1 sao vì khâu gói hàng rất tệ, không chèn chống sốc hay gì cả dù bộ truyện khá cồng kềnh. Đã vậy còn ráng chèn thêm quyển tiểu thuyết mình mua kèm vào chung box nhưng không vừa, khiến truyện cong cả quyển, nhìn rất bực mình.",13920941,13920942
Combo Doraemon - Truyện Dài (Trọn Bộ 24 Cuốn) - Tái Bản,5,Hàng chuẩn chỉ lắm nha..thơm mùi giấy nữa..giá lại rẻ..còn về phần dịch thuật thì khác nhìu so với mình đọc hồi còn nhỏ..khu rừng sương muối mà dịch thành mù khói -_- đọc hơi cấn tí 😂,13920941,13920942
Combo Doraemon - Truyện Dài (Trọn Bộ 24 Cuốn) - Tái Bản,5,Giao hàng hoả tốc. Đóng gói kĩ càng,13920941,13920942
Combo Doraemon - Truyện Dài (Trọn Bộ 24 Cuốn) - Tái Bản,5,"Doraemon chắc hẳn chẳng còn mấy xa lạ với độc giả Việt. Mình mua bộ này đợt tặng quà tự chọn đơn trên 350k do chị Thiên bên Hội Yêu Sách giới thiệu, quà tặng kèm là boxset Dạy con làm giàu siêu xịn siêu mới luôn. Cảm ơn Tiki đã có chương trình ưu đãi hay như vậy. Hy vọng sẽ có thật nhiều nhiều may mắn để luôn ủng hộ và đồng hành cùng Tiki",13920941,13920942
Combo Doraemon - Truyện Dài (Trọn Bộ 24 Cuốn) - Tái Bản,5,"Hàng trọn bộ 24 cuốn mới đẹp, đặt 11h kém hơn 12h đã nhận hàng rồi , là hàng tặng cho trẻ nhỏ dịp hè nên khá ưng ý. Doremon đọc từ lúc mình còn nhỏ, giờ đến cháu mình đọc, là bộ truyện ý nghĩa, mua sale tính ra giảm còn có 14.700 / cuốn.",13920941,13920942
Combo Doraemon - Truyện Dài (Trọn Bộ 24 Cuốn) - Tái Bản,5,Giá rẻ hơn mua các sàn khác. Giao hàng cũng nhanh,13920941,13920942
Combo Doraemon - Truyện Dài (Trọn Bộ 24 Cuốn) - Tái Bản,5,"Truyện mới toanh, nguyên seal và đẹp lắm",13920941,13920942
Combo Doraemon - Truyện Dài (Trọn Bộ 24 Cuốn) - Tái Bản,5,"Nguyên đai nguyên kiện, mình mua cho con. Giao hàng nhanh, truyện mới đẹp",13920941,13920942
Combo Doraemon - Truyện Dài (Trọn Bộ 24 Cuốn) - Tái Bản,5,"Truyện mới đủ bộ như mô tả, nguyên đai nguyên kiện, tiki đóng gói cẩn thận, giá rẻ lại còn được free ship. Giao hàng 5 ngày từ Đà Nẵng đến Quảng Ninh. Ko thấy shipper điện báo giao hàng.",13920941,13920942
Combo Doraemon - Truyện Dài (Trọn Bộ 24 Cuốn) - Tái Bản,5,Rất hài lòng về dv của TIKI,13920941,13920942
Combo Doraemon - Truyện Dài (Trọn Bộ 24 Cuốn) - Tái Bản,5,"gói cẩn thận, sách đẹp, ship nhanh , kỷ niệm tuổi thơ ùa về",13920941,13920942
Combo Doraemon - Truyện Dài (Trọn Bộ 24 Cuốn) - Tái Bản,5,Được khuyến mãi còn hơn 400. Quá OK,13920941,13920942
Combo Doraemon - Truyện Dài (Trọn Bộ 24 Cuốn) - Tái Bản,5,Truyện đóng gói cẩn thận!,13920941,13920942
Combo Doraemon - Truyện Dài (Trọn Bộ 24 Cuốn) - Tái Bản,5,"24 cuốn mới xuất bản đầu năm 2020, giấy mềm, đẹp, in rõ nét. Trong trí nhớ của mình 20 năm trước, các cuốn truyện ngày xưa hình như dày hơn, có thể vì khổ bé hơn. Còn các cuốn truyện này được in theo đúng phong cách đọc từ phải qua trái của Nhật, lúc cầm thấy mỏng đến không ngờ, nhưng vẫn đầy đủ. Mình mua cho con đọc vì các mẩu truyện của Doraemon có tính giải trí và giáo dục rất cao, con làm quen được với phong cách sống của người Nhật, dạy con về tình bạn và sự sáng tạo trong tư duy. Gặp lúc sale còn 250k quá tốt để thêm vào bộ sưu tập. Cảm ơn Tiki!",13920941,13920942
Combo Doraemon - Truyện Dài (Trọn Bộ 24 Cuốn) - Tái Bản,5,"giao hàng nhanh, đóng gói cẩn thận, cám ơn shop nhiều nhé!!!",13920941,13920942
Combo Doraemon - Truyện Dài (Trọn Bộ 24 Cuốn) - Tái Bản,5,"Bé gái nhà mình học lớp 1 cực kỳ thích truyện Doraemon. Bé đã đọc hết bộ “Chú mèo máy đến từ tương lai” 45 tập rồi mà vẫn thích các truyện Doraemon khác. Nên mình chuyển bộ truyện Doraemon thành phần thưởng sau mỗi cuốn truyện chữ mà bé hoàn thành. Tiki giao hàng nhanh, đóng gói cẩn thận.",13920941,13920942
Combo Doraemon - Truyện Dài (Trọn Bộ 24 Cuốn) - Tái Bản,5,"Đóng gói đẹp,sách đủ bộ 24 cuốn,giao hàng nhanh đúng dự kiến , ok",13920941,13920942
Combo Doraemon - Truyện Dài (Trọn Bộ 24 Cuốn) - Tái Bản,5,"Sách xịn, đẹp, đóng gói cẩn thận, mới nguyên khi đến tay",13920941,13920942
Combo Doraemon - Truyện Dài (Trọn Bộ 24 Cuốn) - Tái Bản,4,"Đầy đủ, bìa in đẹp nhưng bản dịch chưa được đồng nhất, lúc thì “cảnh sát” lúc lại sử dụng “công an”",13920941,13920942
Combo Doraemon - Truyện Dài (Trọn Bộ 24 Cuốn) - Tái Bản,5,"Tiki đóng gói và vận chuyển tốt, bộ sách đến tay nguyên bộ, không bị móp méo. Đặt hôm trước là hôm sau nhận hàng. Bộ sách đọc rất hay",13920941,13920942
Combo Doraemon - Truyện Dài (Trọn Bộ 24 Cuốn) - Tái Bản,5,"Giao đủ truyện, giấy in hơi mỏng nhưng chấp nhận được, được tặng kèm các bookmark dễ thương.",13920941,13920942
Combo Doraemon - Truyện Dài (Trọn Bộ 24 Cuốn) - Tái Bản,5,"bộ truyện cực hay, chất lượng in tuyệt vời, trước hết là ôn lại tuổi thơ, sau thì để truyền lại cho hậu thế, tiện đây mình đang cần tìm 1 bạn nữ tham gia quá trình sản suất các nhà cảm thụ học tương lại cho bộ truyện mình mới mua :)",13920941,13920942
Combo Doraemon - Truyện Dài (Trọn Bộ 24 Cuốn) - Tái Bản,5,"Nhận được bộ truyện rất nhanh dù đang giãn cách vì dịch. Bộ truyện đầy đủ, chất lượng sách rất ổn. Đóng gói cẩn thận. Rất hài lòng khi mua qua tiki.",13920941,13920942
Combo Doraemon - Truyện Dài (Trọn Bộ 24 Cuốn) - Tái Bản,5,"Tiki giao hàng nhanh thật sự luôn, mình mới đặt hôm qua mà hôm nay đến nhà luôn. Tuyệt vời quá điii 🥰🥰🥰 Cám ơn Tiki",13920941,13920942
Combo Doraemon - Truyện Dài (Trọn Bộ 24 Cuốn) - Tái Bản,1,"lúc mua cất tủ, giờ lôi ra đọc mới thấy buồn, đóng bìa quá tệ đụng vô đọc là rớt từng trang ra... buồn ghê luôn",13920941,13920942
Combo Doraemon - Truyện Dài (Trọn Bộ 24 Cuốn) - Tái Bản,5,"Giáo nhanh, truyên đẹp, chất lượng",13920941,13920942
Combo Doraemon - Truyện Dài (Trọn Bộ 24 Cuốn) - Tái Bản,4,"Ủa, rồi sao lòi ra 1 em lượn sóng như này ??? ? Còn lại đều đẹp đẽ ngăn nắp nhé ?",13920941,13920942
Combo Doraemon - Truyện Dài (Trọn Bộ 24 Cuốn) - Tái Bản,5,"Giao hàng nhanh, sản phẩm chất lượng, đóng gói kỹ càng, sẽ ủng hộ shop cho đợt sau.",13920941,13920942
Combo Doraemon - Truyện Dài (Trọn Bộ 24 Cuốn) - Tái Bản,4,đóng gói ọp ẹp mỗi carton vs nilong bọc truyện còn bị rách trong quá trình vận chuyển,13920941,13920942
Combo Doraemon - Truyện Dài (Trọn Bộ 24 Cuốn) - Tái Bản,5,Mình nhận được hàng rồi. Mình thấy nét in rõ ràng. Bé nhà mình thấy rất hứng thú. cảm ơn shop đóng hàng và chuyển sớm cho mình.,13920941,13920942
Combo Doraemon - Truyện Dài (Trọn Bộ 24 Cuốn) - Tái Bản,5,"Truyện giao nhanh, hình thức đẹp không tì vết. Không liên quan nhưng mà tracking đơn hàng của Tiki thiếu chi tiết. Cộng với việc giao hàng lệch thời gian khá nhiều, hệ thống ghi thứ 6 (18-10) mà thứ 2 (14-10) đã giao rồi. Với 1 số người thời gian không dư dả thì rất khó sắp xếp công việc để nhận đồ cho thuận tiện.",13920941,13920942
Combo Doraemon - Truyện Dài (Trọn Bộ 24 Cuốn) - Tái Bản,1,Mua để sưu tầm nhưng bao bọc không kỹ bị rách gáy cong mép khá buồn,13920941,13920942
Combo Doraemon - Truyện Dài (Trọn Bộ 24 Cuốn) - Tái Bản,5,"sản phẩm tốt, giao hàng nhanh. Miễn phí vận chuyển là điều khoản rất tốt tạo động lực cho người tiêu dùng mua hàng nhiều hơn.",13920941,13920942
Combo Doraemon - Truyện Dài (Trọn Bộ 24 Cuốn) - Tái Bản,5,"Giao cực kì nhanh và truyện mới tinh, ko bị rách hay lỗi, tuyệt vời",13920941,13920942
Combo Doraemon - Truyện Dài (Trọn Bộ 24 Cuốn) - Tái Bản,5,"Sách đẹp, đóng gói kín đáo, luôn tin tưởng tiki về dịch vụ và uy tín",13920941,13920942
Combo Doraemon - Truyện Dài (Trọn Bộ 24 Cuốn) - Tái Bản,4,"truyện in rõ, đẹp, nhưng hình như đôi khi thiếu trang hoặc bị lược bớt nội dung.",13920941,13920942
Combo Doraemon - Truyện Dài (Trọn Bộ 24 Cuốn) - Tái Bản,3,Giao hàng rất nhanh nhưng không biết sao bộ truyện này mực in quá kém. Các bé đọc xong là tay đen thui vì mực in. Tiki nên kiểm tra lại giúp. Xin cảm ơn!,13920941,13920942
Combo Doraemon - Truyện Dài (Trọn Bộ 24 Cuốn) - Tái Bản,5,Good,13920941,13920942
Combo Doraemon - Truyện Dài (Trọn Bộ 24 Cuốn) - Tái Bản,5,"sách đủ bộ, mới đẹp, dc giảm giá nữa nên rất ưng",13920941,13920942
Combo Doraemon - Truyện Dài (Trọn Bộ 24 Cuốn) - Tái Bản,5,Cả 1 bầu trời tuổi thơ với các tập Đôremon này❤️,13920941,13920942
Combo Doraemon - Truyện Dài (Trọn Bộ 24 Cuốn) - Tái Bản,5,"Tiki gói hàng cẩn thận, giao hàng cực nhanh với dịch vụ Tikinow. Sách mới, không nhàu nát, giá còn khá rẻ so với giá bìa. Nói chung khá hài lòng về dịch vụ của Tiki.",13920941,13920942
Combo Doraemon - Truyện Dài (Trọn Bộ 24 Cuốn) - Tái Bản,5,"truyện mới, chính hãng cực đẹp nha đóng gói rất cẩn thận ❤️",13920941,13920942
Combo Doraemon - Truyện Dài (Trọn Bộ 24 Cuốn) - Tái Bản,5,"Sản phẩm đúng mô tả. Đây là bản tái bản 2020, đọc theo kiểu Nhật. Tiki giao hàng khá nhanh và đóng gói luôn cẩn thận. Totally recommended.",13920941,13920942
Combo Doraemon - Truyện Dài (Trọn Bộ 24 Cuốn) - Tái Bản,5,"đặt trưa hôm trước, sáng sớm hôm sau đã nhận được. tiki luôn là ưu tiên số 1 khi mua đồ online",13920941,13920942
Combo Doraemon - Truyện Dài (Trọn Bộ 24 Cuốn) - Tái Bản,5,"Mua trọn bộ lần hơi đau ví nhưng cũng may được giảm giá chút ít. Tiki giao hàng nhanh, hình thức sản phẩm khá tốt, nguyên vẹn và còn mới.",13920941,13920942
Combo Doraemon - Truyện Dài (Trọn Bộ 24 Cuốn) - Tái Bản,5,"tương đối hài lòng, đóng gói kỹ , giao hàng nhanh hơn dự kiến, chất lượng ok, tuy có 1 số cuốn bị rách gáy chút xíu",13920941,13920942
Combo Doraemon - Truyện Dài (Trọn Bộ 24 Cuốn) - Tái Bản,5,"Truyện mới, đẹp, đóng gói chống sốc, chống thấm nc rất cẩn thận, giao hàng nhanh. Giá cả quá ư là hợp lí 😊",13920941,13920942
Combo Doraemon - Truyện Dài (Trọn Bộ 24 Cuốn) - Tái Bản,5,tốt,13920941,13920942
Combo Doraemon - Truyện Dài (Trọn Bộ 24 Cuốn) - Tái Bản,5,Được đóng gói theo combo nên là khá tiện. Giao hàng khá nhanh. Cảm ơn Tiki,13920941,13920942
Combo Doraemon - Truyện Dài (Trọn Bộ 24 Cuốn) - Tái Bản,5,Ok,13920941,13920942
Combo Doraemon - Truyện Dài (Trọn Bộ 24 Cuốn) - Tái Bản,5,"Tiki giao hàng sớm hơn dự kiến luôn, xịn quá trời. Truyện Doraemon thì hay sẵn rùi, mua về ưng ý quá nên cho 5 sao thui.",13920941,13920942
Combo Doraemon - Truyện Dài (Trọn Bộ 24 Cuốn) - Tái Bản,5,"sách tốt, vận chuyển tốt",13920941,13920942
Combo Doraemon - Truyện Dài (Trọn Bộ 24 Cuốn) - Tái Bản,5,khá hài lòng về chất lượng sản phẩm,13920941,13920942
Combo Doraemon - Truyện Dài (Trọn Bộ 24 Cuốn) - Tái Bản,5,"Giao hàng nhanh, thân thiện, sách chất lượng tương đối tốt.",13920941,13920942
Combo Doraemon - Truyện Dài (Trọn Bộ 24 Cuốn) - Tái Bản,4,nói chung bình thường thôi ko có gì đặc biệt,13920941,13920942
Combo Doraemon - Truyện Dài (Trọn Bộ 24 Cuốn) - Tái Bản,4,"Giao hàng nhanh, đóng gói cẩn thận. tuy nhiên kích thước truyện hơi nhỏ.",13920941,13920942
Combo Doraemon - Truyện Dài (Trọn Bộ 24 Cuốn) - Tái Bản,5,Bé rất thích bộ này. Truyện in rất đẹp.,13920941,13920942
Combo Doraemon - Truyện Dài (Trọn Bộ 24 Cuốn) - Tái Bản,1,"sách bìa màu tối, vừa mở ra đọc một lúc tung rời từng trang ra, gián gáy ko tốt",13920941,13920942
Combo Doraemon - Truyện Dài (Trọn Bộ 24 Cuốn) - Tái Bản,5,Ảnh mang tính chất minh hoạ. Truyện in đẹp. Vận chuyển nhanh,13920941,13920942
Combo Doraemon - Truyện Dài (Trọn Bộ 24 Cuốn) - Tái Bản,5,"Chất lượng sách của Tiki giao rất tốt. Tiki chăm sóc khách hàng và xử lý phản hồi cũng rất nhanh chóng, cẩn thận. Mình rất hài lòng. ?",13920941,13920942
Combo Doraemon - Truyện Dài (Trọn Bộ 24 Cuốn) - Tái Bản,5,"Tiki đóng hàng auto cẩn thận, truyện đủ 24 quyển",13920941,13920942
Combo Doraemon - Truyện Dài (Trọn Bộ 24 Cuốn) - Tái Bản,5,Nhớ lúc trước truyện dày lắm mà ta? Sao giờ mỏng y như quyển tập bình thường? Hông biết có phải bản rút gọn không @@ Bé ở nhà thì thích rồi ^^,13920941,13920942
Combo Doraemon - Truyện Dài (Trọn Bộ 24 Cuốn) - Tái Bản,1,"Đặt Tiki Now ghi là giao trong ngày, nhưng mãi từ 30/6 đến ngay 6/7 mới nhận được hàng. Giao hàng quá tệ",13920941,13920942
Combo Doraemon - Truyện Dài (Trọn Bộ 24 Cuốn) - Tái Bản,5,Full bộ rất đầy đủ và mới thấy mới in thôi còn rất thơm mùi sách nữa lại đc giảm 15% nên rất ok,13920941,13920942
Combo Doraemon - Truyện Dài (Trọn Bộ 24 Cuốn) - Tái Bản,5,sp ok,13920941,13920942
Combo Doraemon - Truyện Dài (Trọn Bộ 24 Cuốn) - Tái Bản,5,truyện đẹp,13920941,13920942
Combo Doraemon - Truyện Dài (Trọn Bộ 24 Cuốn) - Tái Bản,5,tiki giao hàng rất nhanh,13920941,13920942
Combo Doraemon - Truyện Dài (Trọn Bộ 24 Cuốn) - Tái Bản,5,"Giao hàng tiêu chuẩn siêu tốc!!! Truyện nguyên bộ đẹp, thật đáng sở hữu!!!",13920941,13920942
Combo Doraemon - Truyện Dài (Trọn Bộ 24 Cuốn) - Tái Bản,5,"Truyện mới tinh, đóng hàng kĩ lưỡng",13920941,13920942
Combo Doraemon - Truyện Dài (Trọn Bộ 24 Cuốn) - Tái Bản,5,.,13920941,13920942
Combo Doraemon - Truyện Dài (Trọn Bộ 24 Cuốn) - Tái Bản,5,"Bộ truyện đẹp, in sắc nét. Ship rất nhanh, đóng gói kĩ càng, giao hàng đủ. Các bé nhà mình rất thích.",13920941,13920942
Combo Doraemon - Truyện Dài (Trọn Bộ 24 Cuốn) - Tái Bản,5,"đóng gói kỹ, giao hàng nhanh, chất lượng sản phẩm tốt.",13920941,13920942
Combo Doraemon - Truyện Dài (Trọn Bộ 24 Cuốn) - Tái Bản,5,"Sách đầy đủ, in đẹp, con mình rất thích",13920941,13920942
Combo Doraemon - Truyện Dài (Trọn Bộ 24 Cuốn) - Tái Bản,5,"đầy đủ, đóng gói cẩn thận",13920941,13920942
Combo Doraemon - Truyện Dài (Trọn Bộ 24 Cuốn) - Tái Bản,5,Sách rất đẹp. Mình đã nhận. Rất hài lòng nhé.,13920941,13920942
Combo Doraemon - Truyện Dài (Trọn Bộ 24 Cuốn) - Tái Bản,5,"… sp tốt ………………,,,,,;;;;;;:,,:",13920941,13920942
Combo Doraemon - Truyện Dài (Trọn Bộ 24 Cuốn) - Tái Bản,5,"Đọc lại vẫn nhớ ngày xưa trốn mẹ, ko ăn sáng mà dành tiền mua từng tập một, cuối cùng mất sạch. Giờ phải sưu tập cho đủ bộ để cho con nó đọc.",13920941,13920942
Combo Doraemon - Truyện Dài (Trọn Bộ 24 Cuốn) - Tái Bản,1,"giao trễ ngày, đóng gói sơ sài",13920941,13920942
Combo Doraemon - Truyện Dài (Trọn Bộ 24 Cuốn) - Tái Bản,5,giao hàng nhanh đóng gói cẩn thận.shop rất là ok..,13920941,13920942
Combo Doraemon - Truyện Dài (Trọn Bộ 24 Cuốn) - Tái Bản,5,Đẹp...tuyệt,13920941,13920942
Combo Doraemon - Truyện Dài (Trọn Bộ 24 Cuốn) - Tái Bản,5,"Giao hàng nhanh, đóng gói sản phẩm cẩn thận",13920941,13920942
Combo Doraemon - Truyện Dài (Trọn Bộ 24 Cuốn) - Tái Bản,5,"Sách đẹp, nội dung thì không phải bàn :)",13920941,13920942
Combo Doraemon - Truyện Dài (Trọn Bộ 24 Cuốn) - Tái Bản,5,"Sách mới đẹp, đóng gói kỹ",13920941,13920942
Combo Doraemon - Truyện Dài (Trọn Bộ 24 Cuốn) - Tái Bản,5,"Truyện khá là đẹp, đóng gói kỹ càng, đủ số lượng",13920941,13920942
Combo Doraemon - Truyện Dài (Trọn Bộ 24 Cuốn) - Tái Bản,5,đóng gói cẩn thận. sản phẩm giống đúng hình minh họa.,13920941,13920942
Combo Doraemon - Truyện Dài (Trọn Bộ 24 Cuốn) - Tái Bản,5,"Tiki Trading cung cấp là hoàn toàn yên tâm, sách mới, đóng gói cẩn thận.",13920941,13920942
Combo Doraemon - Truyện Dài (Trọn Bộ 24 Cuốn) - Tái Bản,1,Hàng đúng như hình gủi cũng khá nhanh,13920941,13920942
Combo Doraemon - Truyện Dài (Trọn Bộ 24 Cuốn) - Tái Bản,5,Thời gian giao hàng nhanh hơn dự kiến Shop đóng gói đẹp Sp rất đáng tiền,13920941,13920942
Combo Doraemon - Truyện Dài (Trọn Bộ 24 Cuốn) - Tái Bản,5,Truyện đẹp mùi thơm,13920941,13920942
Combo Doraemon - Truyện Dài (Trọn Bộ 24 Cuốn) - Tái Bản,5,"giao hàng nhanh, đóng gói đẹp, mới 100%",13920941,13920942
Combo Doraemon - Truyện Dài (Trọn Bộ 24 Cuốn) - Tái Bản,5,"giao hơi lâu, đủ sách",13920941,13920942
Combo Doraemon - Truyện Dài (Trọn Bộ 24 Cuốn) - Tái Bản,5,Cảm giác đc quay ngược thời gian vậy. Thích bộ truyện này vô cùng!,13920941,13920942
Combo Doraemon - Truyện Dài (Trọn Bộ 24 Cuốn) - Tái Bản,5,"Truyện Kim Đồng thì không cần bàn rồi, chỉ là giao hơi chậm",13920941,13920942
Combo Doraemon - Truyện Dài (Trọn Bộ 24 Cuốn) - Tái Bản,5,hài lòng về sản phẩm,13920941,13920942
Combo Doraemon - Truyện Dài (Trọn Bộ 24 Cuốn) - Tái Bản,5,sản phẩm khá tốt. Giao hàng rất nhanh chóng.,13920941,13920942
Combo Doraemon - Truyện Dài (Trọn Bộ 24 Cuốn) - Tái Bản,5,Sản phẩm giao nhanh hơn mong đợi,13920941,13920942
Combo Doraemon - Truyện Dài (Trọn Bộ 24 Cuốn) - Tái Bản,5,Hàng đẹp đóng gói cẩn thận. Mua để sưu tầm,13920941,13920942
Combo Doraemon - Truyện Dài (Trọn Bộ 24 Cuốn) - Tái Bản,5,Sản phẩm ok,13920941,13920942
Combo Doraemon - Truyện Dài (Trọn Bộ 24 Cuốn) - Tái Bản,5,"Đủ bộ, bọc lion đẹp",13920941,13920942
Combo Doraemon - Truyện Dài (Trọn Bộ 24 Cuốn) - Tái Bản,5,"Giao hành nhanh cực kì luôn, truyện bọc kỹ trông rất mới",13920941,13920942
Combo Doraemon - Truyện Dài (Trọn Bộ 24 Cuốn) - Tái Bản,5,hàng rất ok luôn nhaaaa,13920941,13920942
Combo Doraemon - Truyện Dài (Trọn Bộ 24 Cuốn) - Tái Bản,5,"Giao hàng nhanh, đóng gói rất đẹp",13920941,13920942
Combo Doraemon - Truyện Dài (Trọn Bộ 24 Cuốn) - Tái Bản,4,"Sách đọc rất hay, rất thú vị",13920941,13920942
Combo Doraemon - Truyện Dài (Trọn Bộ 24 Cuốn) - Tái Bản,5,Tuyệt,13920941,13920942
Combo Doraemon - Truyện Dài (Trọn Bộ 24 Cuốn) - Tái Bản,5,"giấy hơi mỏng, sách sạch đẹp",13920941,13920942
Combo Doraemon - Truyện Dài (Trọn Bộ 24 Cuốn) - Tái Bản,5,rất tốt,13920941,13920942
Combo Doraemon - Truyện Dài (Trọn Bộ 24 Cuốn) - Tái Bản,5,"truyện hay, đẹp, giao nhanh",13920941,13920942
Combo Doraemon - Truyện Dài (Trọn Bộ 24 Cuốn) - Tái Bản,5,"1 vé trở lại tuổi thơ, bộ truyện đầy đủ, đóng gói cẩn thận, mình mua bộ này lúc giảm giá 35% nên chất lượng như vậy là rất ưng rồi?",13920941,13920942
Combo Doraemon - Truyện Dài (Trọn Bộ 24 Cuốn) - Tái Bản,5,"Đầy đủ, truyện hay",13920941,13920942
Combo Doraemon - Truyện Dài (Trọn Bộ 24 Cuốn) - Tái Bản,5,Quay về tuổi thơ :)),13920941,13920942
Combo Doraemon - Truyện Dài (Trọn Bộ 24 Cuốn) - Tái Bản,5,Tốt,13920941,13920942
Combo Doraemon - Truyện Dài (Trọn Bộ 24 Cuốn) - Tái Bản,5,"giao hàng nhanh, đặt hôm trước, hôm sau đã có, đóng gói kĩ càng, rất hài lòng, đáng tiền mua",13920941,13920942
Combo Doraemon - Truyện Dài (Trọn Bộ 24 Cuốn) - Tái Bản,5,good,13920941,13920942
Combo Doraemon - Truyện Dài (Trọn Bộ 24 Cuốn) - Tái Bản,5,chất lượng tốt,13920941,13920942
Combo Doraemon - Truyện Dài (Trọn Bộ 24 Cuốn) - Tái Bản,5,Truyện Doraemon là truyện tuổi thơ rất hay,13920941,13920942
Combo Doraemon - Truyện Dài (Trọn Bộ 24 Cuốn) - Tái Bản,5,Rất hài lòng,13920941,13920942
Combo Doraemon - Truyện Dài (Trọn Bộ 24 Cuốn) - Tái Bản,1,truyện rách trang bìa tập 17,13920941,13920942
Combo Doraemon - Truyện Dài (Trọn Bộ 24 Cuốn) - Tái Bản,5,mình nghĩ là shop cần thêm miếng xốp để vận chuyển ko làm hư truyện,13920941,13920942
Combo Doraemon - Truyện Dài (Trọn Bộ 24 Cuốn) - Tái Bản,5,giao hàng nhanh truyện rất đẹ,13920941,13920942
Combo Doraemon - Truyện Dài (Trọn Bộ 24 Cuốn) - Tái Bản,5,Món quà tuyệt vời cho con cái vào mùa hè. Hoặc nhân ngày 1/6.,13920941,13920942
Combo Doraemon - Truyện Dài (Trọn Bộ 24 Cuốn) - Tái Bản,4,Được quay về tuổi thơ rồi,13920941,13920942
Combo Doraemon - Truyện Dài (Trọn Bộ 24 Cuốn) - Tái Bản,5,"giao hàng nhanh , bọc kĩ",13920941,13920942
Combo Doraemon - Truyện Dài (Trọn Bộ 24 Cuốn) - Tái Bản,5,okie lắm nha các bạn,13920941,13920942
Combo Doraemon - Truyện Dài (Trọn Bộ 24 Cuốn) - Tái Bản,5,Giao hàng siêu nhanh.,13920941,13920942
Combo Doraemon - Truyện Dài (Trọn Bộ 24 Cuốn) - Tái Bản,4,sách đủ bộ ok,13920941,13920942
Combo Doraemon - Truyện Dài (Trọn Bộ 24 Cuốn) - Tái Bản,5,Truyện rất mới và được đóng gói cẩn thận. Mua sale 15%. Ship nhanh. Mình rất hài lòng.,13920941,13920942
Combo Doraemon - Truyện Dài (Trọn Bộ 24 Cuốn) - Tái Bản,5,truyện mới tinh không lỗi đáng mua nha mua combo rẻ hơn giá bìa nha,13920941,13920942
Combo Doraemon - Truyện Dài (Trọn Bộ 24 Cuốn) - Tái Bản,5,"rất tiếc là truyện đọc ngược... bỏ xó vậy, vì con mình còn quá nhỏ để đọc ngược",13920941,13920942
Combo Doraemon - Truyện Dài (Trọn Bộ 24 Cuốn) - Tái Bản,5,sản phẩm ok. giao hàng nhanh.,13920941,13920942
Combo Doraemon - Truyện Dài (Trọn Bộ 24 Cuốn) - Tái Bản,1,Hủy đơn k lí do!!!!!!!!!!!,13920941,13920942
Combo Doraemon - Truyện Dài (Trọn Bộ 24 Cuốn) - Tái Bản,4,Chưa kiểm tra kỹ nhưng thấy ổn !,13920941,13920942
Combo Doraemon - Truyện Dài (Trọn Bộ 24 Cuốn) - Tái Bản,5,1 vé trở về tuổi thơ cùng Doraemon. Mong tiki nhập thêm full bộ Doraemon kỷ niệm và Doraemon bóng chày để mình mua nữa.,13920941,13920942
Combo Doraemon - Truyện Dài (Trọn Bộ 24 Cuốn) - Tái Bản,5,ok,13920941,13920942
Combo Doraemon - Truyện Dài (Trọn Bộ 24 Cuốn) - Tái Bản,5,nhanh,13920941,13920942
Combo Doraemon - Truyện Dài (Trọn Bộ 24 Cuốn) - Tái Bản,3,sách đóng lỏng lẻo tuột hết gáy,13920941,13920942
Combo Doraemon - Truyện Dài (Trọn Bộ 24 Cuốn) - Tái Bản,5,good,13920941,13920942
Combo Doraemon - Truyện Dài (Trọn Bộ 24 Cuốn) - Tái Bản,5,Good,13920941,13920942
Combo Doraemon - Truyện Dài (Trọn Bộ 24 Cuốn) - Tái Bản,5,hay,13920941,13920942
Combo Doraemon - Truyện Dài (Trọn Bộ 24 Cuốn) - Tái Bản,5,Giao hàng nhanh. Bản đẹp. Ko bị dập hay bong gáy. Luôn hài lòng với tiki,13920941,13920942
Combo Doraemon - Truyện Dài (Trọn Bộ 24 Cuốn) - Tái Bản,5,Đủ 24 cuốn luôn,13920941,13920942
Combo Doraemon - Truyện Dài (Trọn Bộ 24 Cuốn) - Tái Bản,5,"Rất hài lòng sản phẩm mới, chất lượng tốt",13920941,13920942
Combo Doraemon - Truyện Dài (Trọn Bộ 24 Cuốn) - Tái Bản,5,"đóng gói cẩn thận, truyện mới, đẹp !",13920941,13920942
Combo Doraemon - Truyện Dài (Trọn Bộ 24 Cuốn) - Tái Bản,5,Ok,13920941,13920942
Combo Doraemon - Truyện Dài (Trọn Bộ 24 Cuốn) - Tái Bản,5,♥️,13920941,13920942
Combo Doraemon - Truyện Dài (Trọn Bộ 24 Cuốn) - Tái Bản,5,hài lòng,13920941,13920942
Combo Doraemon - Truyện Dài (Trọn Bộ 24 Cuốn) - Tái Bản,5,Rất đẹp,13920941,13920942
Combo Doraemon - Truyện Dài (Trọn Bộ 24 Cuốn) - Tái Bản,5,Tuổi thơ,13920941,13920942
Combo Doraemon - Truyện Dài (Trọn Bộ 24 Cuốn) - Tái Bản,5,"Tuổi thơ ùa về, tuyệt vời, đóng gói rất kỹ.",13920941,13920942
Combo Doraemon - Truyện Dài (Trọn Bộ 24 Cuốn) - Tái Bản,5,"Giao nhanh, sách mới, hài lòng với sản phẩm",13920941,13920942
Combo Doraemon - Truyện Dài (Trọn Bộ 24 Cuốn) - Tái Bản,4,tốt,13920941,13920942
Combo Doraemon - Truyện Dài (Trọn Bộ 24 Cuốn) - Tái Bản,4,"Bộ truyện tranh đẹp và các bạn nhỏ rất thích. Tranh đẹp, chữ rõ.",13920941,13920942
Combo Doraemon - Truyện Dài (Trọn Bộ 24 Cuốn) - Tái Bản,5,Giao hàng rất nhanh . Cám ơn shop nhé,13920941,13920942
Combo Doraemon - Truyện Dài (Trọn Bộ 24 Cuốn) - Tái Bản,5,Giao hàng nhanh; sách đẹp như mơ.,13920941,13920942
Combo Doraemon - Truyện Dài (Trọn Bộ 24 Cuốn) - Tái Bản,5,"Sách mới tinh, được Tiki đóng gói cẩn thận, giao hàng nhanh chóng.",13920941,13920942
Combo Doraemon - Truyện Dài (Trọn Bộ 24 Cuốn) - Tái Bản,5,truện đẹp giao nhanh,13920941,13920942
Combo Doraemon - Truyện Dài (Trọn Bộ 24 Cuốn) - Tái Bản,5,"đóng gói cẩn thận, truyện mới.",13920941,13920942
Combo Doraemon - Truyện Dài (Trọn Bộ 24 Cuốn) - Tái Bản,5,Sản phẩm đóng gói kĩ ship nhanh,13920941,13920942
Combo Doraemon - Truyện Dài (Trọn Bộ 24 Cuốn) - Tái Bản,5,sách xịn,13920941,13920942
Combo Doraemon - Truyện Dài (Trọn Bộ 24 Cuốn) - Tái Bản,5,"bộ truyện đẹp, giao hàng nhanh",13920941,13920942
Combo Doraemon - Truyện Dài (Trọn Bộ 24 Cuốn) - Tái Bản,5,ok,13920941,13920942
Combo Doraemon - Truyện Dài (Trọn Bộ 24 Cuốn) - Tái Bản,5,đóng gói đẹp,13920941,13920942
Combo Doraemon - Truyện Dài (Trọn Bộ 24 Cuốn) - Tái Bản,3,Thời gian giao truyện lâu quá. Đặt đã có ngày giao hàng nhưng sau đó lại lùi đi lùi lại mấy lần.,13920941,13920942
Combo Doraemon - Truyện Dài (Trọn Bộ 24 Cuốn) - Tái Bản,5,Rất hài lòng về sản phẩm nhận được,13920941,13920942
Combo Doraemon - Truyện Dài (Trọn Bộ 24 Cuốn) - Tái Bản,5,"Hàng nguyên vẹn, không bị trầy móp.",13920941,13920942
Combo Doraemon - Truyện Dài (Trọn Bộ 24 Cuốn) - Tái Bản,5,Sản phẩm ok,13920941,13920942
Combo Doraemon - Truyện Dài (Trọn Bộ 24 Cuốn) - Tái Bản,5,Tot,13920941,13920942
Combo Doraemon - Truyện Dài (Trọn Bộ 24 Cuốn) - Tái Bản,5,"Vừa nhận, còn khá đẹp, sẽ mua bộ khác ???",13920941,13920942
Combo Doraemon - Truyện Dài (Trọn Bộ 24 Cuốn) - Tái Bản,5,"giao hàng nhanh, chất lượng sản phẩm tốt",13920941,13920942
Combo Doraemon - Truyện Dài (Trọn Bộ 24 Cuốn) - Tái Bản,3,"Sách in ko chắc chắc, đang đọc bị rớt ra 2 trang ?",13920941,13920942
Combo Doraemon - Truyện Dài (Trọn Bộ 24 Cuốn) - Tái Bản,5,♥️,13920941,13920942
Combo Doraemon - Truyện Dài (Trọn Bộ 24 Cuốn) - Tái Bản,5,tốt,13920941,13920942
Combo Doraemon - Truyện Dài (Trọn Bộ 24 Cuốn) - Tái Bản,5,ok,13920941,13920942
Combo Doraemon - Truyện Dài (Trọn Bộ 24 Cuốn) - Tái Bản,5,Ok,13920941,13920942
Combo Doraemon - Truyện Dài (Trọn Bộ 24 Cuốn) - Tái Bản,5,vip pro,13920941,13920942
Combo Doraemon - Truyện Dài (Trọn Bộ 24 Cuốn) - Tái Bản,5,Ok,13920941,13920942
Combo Doraemon - Truyện Dài (Trọn Bộ 24 Cuốn) - Tái Bản,5,Hài lòng lắm nha Tiki. Truyện mới toanh luôn. Bao bọc kĩ lắm. Xịn ghê ấy!,13920941,13920942
Combo Doraemon - Truyện Dài (Trọn Bộ 24 Cuốn) - Tái Bản,5,Rất tốt,13920941,13920942
Combo Doraemon - Truyện Dài (Trọn Bộ 24 Cuốn) - Tái Bản,5,không có gì đề phàn nàn ??? sách đẹp giao nhanh,13920941,13920942
Combo Doraemon - Truyện Dài (Trọn Bộ 24 Cuốn) - Tái Bản,5,"Truyện mới và đẹp, nội dung thì hay miễn bàn",13920941,13920942
Combo Doraemon - Truyện Dài (Trọn Bộ 24 Cuốn) - Tái Bản,5,Sp tốt,13920941,13920942
Combo Doraemon - Truyện Dài (Trọn Bộ 24 Cuốn) - Tái Bản,5,"Giao hàng nhanh, truyện chất lượng tốt",13920941,13920942
Combo Doraemon - Truyện Dài (Trọn Bộ 24 Cuốn) - Tái Bản,5,Ok,13920941,13920942
Combo Doraemon - Truyện Dài (Trọn Bộ 24 Cuốn) - Tái Bản,5,Rất mới và tốt ạ. Cực kì thích,13920941,13920942
Combo Doraemon - Truyện Dài (Trọn Bộ 24 Cuốn) - Tái Bản,5,Abc,13920941,13920942
Combo Doraemon - Truyện Dài (Trọn Bộ 24 Cuốn) - Tái Bản,5,"bộ sách đẹp, tất nhiên là đọc theo kiểu của Nhật. không biết tiki có bán bộ nào đọc theo kiểu Việt Nam từ trái qua phải không nhỉ?",13920941,13920942
Combo Doraemon - Truyện Dài (Trọn Bộ 24 Cuốn) - Tái Bản,5,Hay,13920941,13920942
Combo Doraemon - Truyện Dài (Trọn Bộ 24 Cuốn) - Tái Bản,5,"giao hàng nhanh, gói hàng sạch đẹp cẩn thận, truyện đẹp, chất lượng",13920941,13920942
Combo Doraemon - Truyện Dài (Trọn Bộ 24 Cuốn) - Tái Bản,5,Ok,13920941,13920942
Combo Doraemon - Truyện Dài (Trọn Bộ 24 Cuốn) - Tái Bản,5,"sách mới,đóng gói cẩn thận!giao hàng nhanh,chu đáo!",13920941,13920942
Combo Doraemon - Truyện Dài (Trọn Bộ 24 Cuốn) - Tái Bản,5,truyện rất đẹp,13920941,13920942
Combo Doraemon - Truyện Dài (Trọn Bộ 24 Cuốn) - Tái Bản,5,Ok,13920941,13920942
Combo Doraemon - Truyện Dài (Trọn Bộ 24 Cuốn) - Tái Bản,5,"nội dung hay, phù hợp",13920941,13920942
Combo Doraemon - Truyện Dài (Trọn Bộ 24 Cuốn) - Tái Bản,5,ok,13920941,13920942
Combo Doraemon - Truyện Dài (Trọn Bộ 24 Cuốn) - Tái Bản,5,"rất hài lòng, sách đẹp.",13920941,13920942
Combo Doraemon - Truyện Dài (Trọn Bộ 24 Cuốn) - Tái Bản,5,hay,13920941,13920942
Combo Doraemon - Truyện Dài (Trọn Bộ 24 Cuốn) - Tái Bản,5,Great.,13920941,13920942
Combo Doraemon - Truyện Dài (Trọn Bộ 24 Cuốn) - Tái Bản,5,Đóng gói rất cẩn thận,13920941,13920942
Combo Doraemon - Truyện Dài (Trọn Bộ 24 Cuốn) - Tái Bản,5,"Giao hàng siêu nhanh. Đóng gói cẩn thận 2 lớp, sách mới tinh nhìn đã ưng",13920941,13920942
Combo Doraemon - Truyện Dài (Trọn Bộ 24 Cuốn) - Tái Bản,5,Quá nhanh quá nguy hiểm. Giao trước thời hạn. Hàng mới toanh.,13920941,13920942
Combo Doraemon - Truyện Dài (Trọn Bộ 24 Cuốn) - Tái Bản,5,ok,13920941,13920942
Combo Doraemon - Truyện Dài (Trọn Bộ 24 Cuốn) - Tái Bản,5,H,13920941,13920942
Combo Doraemon - Truyện Dài (Trọn Bộ 24 Cuốn) - Tái Bản,5,Chất lượng tuyệt vời !!!,13920941,13920942
Combo Doraemon - Truyện Dài (Trọn Bộ 24 Cuốn) - Tái Bản,5,hàng gói cẩn thận. đẹp,13920941,13920942
Combo Doraemon - Truyện Dài (Trọn Bộ 24 Cuốn) - Tái Bản,5,"Giao hàng nhanh, đóng gói sản phẩm cẩn thận.",13920941,13920942
Combo Doraemon - Truyện Dài (Trọn Bộ 24 Cuốn) - Tái Bản,5,Đặt giao tối hôm trước sáng hôm sau đã đến nơi. Truyện rất mới và đẹp. Hoàn toàn ưng ga,13920941,13920942
Combo Doraemon - Truyện Dài (Trọn Bộ 24 Cuốn) - Tái Bản,5,Tuyệt cú mèo!,13920941,13920942
Combo Doraemon - Truyện Dài (Trọn Bộ 24 Cuốn) - Tái Bản,5,"Bộ truyện đẹp, mới tinh. Chỉ có phải đọc ngược từ sau ra trước nên không quen.",13920941,13920942
Combo Doraemon - Truyện Dài (Trọn Bộ 24 Cuốn) - Tái Bản,5,Giao nhanh đóng gói đẹp,13920941,13920942
Combo Doraemon - Truyện Dài (Trọn Bộ 24 Cuốn) - Tái Bản,5,Tuyệt vời. Đóng gói cực kỳ tốt. Giao nhanh hơn dự kiến 1 ngày nữa. Rất hài lòng!,13920941,13920942
Combo Doraemon - Truyện Dài (Trọn Bộ 24 Cuốn) - Tái Bản,5,OK.hang gửi nhanh,13920941,13920942
Combo Doraemon - Truyện Dài (Trọn Bộ 24 Cuốn) - Tái Bản,5,"tốt, giao hàng cực nhanh",13920941,13920942
Combo Doraemon - Truyện Dài (Trọn Bộ 24 Cuốn) - Tái Bản,5,"Giao hàng nhanh, giá tốt, sách mới 2020, như hình.",13920941,13920942
Combo Doraemon - Truyện Dài (Trọn Bộ 24 Cuốn) - Tái Bản,5,"Truyện mới, giấy tốt, bé rất thik",13920941,13920942
Combo Doraemon - Truyện Dài (Trọn Bộ 24 Cuốn) - Tái Bản,5,hàng đẹp,13920941,13920942
Combo Doraemon - Truyện Dài (Trọn Bộ 24 Cuốn) - Tái Bản,5,tốt,13920941,13920942
Combo Doraemon - Truyện Dài (Trọn Bộ 24 Cuốn) - Tái Bản,4,1 vài chỗ bìa bị gấp cơ mà không sao quan trọng là đc quay về với tuổi thơ,13920941,13920942
Combo Doraemon - Truyện Dài (Trọn Bộ 24 Cuốn) - Tái Bản,5,Giao nhanh và hàng ổn.,13920941,13920942
Combo Doraemon - Truyện Dài (Trọn Bộ 24 Cuốn) - Tái Bản,5,good quality,13920941,13920942
Combo Doraemon - Truyện Dài (Trọn Bộ 24 Cuốn) - Tái Bản,5,sách mới cưng,13920941,13920942
Combo Doraemon - Truyện Dài (Trọn Bộ 24 Cuốn) - Tái Bản,5,Ok.,13920941,13920942
Combo Doraemon - Truyện Dài (Trọn Bộ 24 Cuốn) - Tái Bản,5,Mua nguyên bộ đọc cho sướng. Chất lượng giấy cảm giác mỏng hơn hồi xưa. Nhìn chung thì ổn. Cảm ơn shop,13920941,13920942
Combo Doraemon - Truyện Dài (Trọn Bộ 24 Cuốn) - Tái Bản,3,Thiếu 1 tập 14 nhé Tiki.,13920941,13920942
Combo Doraemon - Truyện Dài (Trọn Bộ 24 Cuốn) - Tái Bản,5,hay,13920941,13920942
Combo Doraemon - Truyện Dài (Trọn Bộ 24 Cuốn) - Tái Bản,5,Rất hay,13920941,13920942
Combo Doraemon - Truyện Dài (Trọn Bộ 24 Cuốn) - Tái Bản,5,Truyện khá đẹp và đóng gói cẩn thận,13920941,13920942
Combo Doraemon - Truyện Dài (Trọn Bộ 24 Cuốn) - Tái Bản,4,gáy truyện hơi bị bẩn....,13920941,13920942
Combo Doraemon - Truyện Dài (Trọn Bộ 24 Cuốn) - Tái Bản,5,"truyện hay, bé nhà mình rất thích",13920941,13920942
Combo Doraemon - Truyện Dài (Trọn Bộ 24 Cuốn) - Tái Bản,5,hơi mỏng,13920941,13920942
Combo Doraemon - Truyện Dài (Trọn Bộ 24 Cuốn) - Tái Bản,5,"Giao hàng nhanh, đóng gói cẩn thận, truyện mới cứng ??",13920941,13920942
Combo Doraemon - Truyện Dài (Trọn Bộ 24 Cuốn) - Tái Bản,5,Hài lòng. sách mới đẹp. đóng gói cẩn thận.?,13920941,13920942
Combo Doraemon - Truyện Dài (Trọn Bộ 24 Cuốn) - Tái Bản,5,đẹp,13920941,13920942
Combo Doraemon - Truyện Dài (Trọn Bộ 24 Cuốn) - Tái Bản,5,sách rất đẹp. chất lượng cực tốt. đủ bộ,13920941,13920942
Combo Doraemon - Truyện Dài (Trọn Bộ 24 Cuốn) - Tái Bản,5,"on lai tuoi tho, 1 bo truyen rat hay, dong goi sach dep. se ung ho tiep tuc",13920941,13920942
Combo Doraemon - Truyện Dài (Trọn Bộ 24 Cuốn) - Tái Bản,5,"tiếc là hôm sau thì lại giảm giá, thôi kệ, đã đọc hết.",13920941,13920942
Combo Doraemon - Truyện Dài (Trọn Bộ 24 Cuốn) - Tái Bản,5,Combo đáng để sưu tầm,13920941,13920942
Combo Doraemon - Truyện Dài (Trọn Bộ 24 Cuốn) - Tái Bản,5,Sách đóng gói đẹp,13920941,13920942
Combo Doraemon - Truyện Dài (Trọn Bộ 24 Cuốn) - Tái Bản,5,Giao hàng nhanh. sản phẩm đẹp,13920941,13920942
Combo Doraemon - Truyện Dài (Trọn Bộ 24 Cuốn) - Tái Bản,5,Good,13920941,13920942
Combo Doraemon - Truyện Dài (Trọn Bộ 24 Cuốn) - Tái Bản,5,đẹp,13920941,13920942
Combo Doraemon - Truyện Dài (Trọn Bộ 24 Cuốn) - Tái Bản,5,👍,13920941,13920942
Combo Doraemon - Truyện Dài (Trọn Bộ 24 Cuốn) - Tái Bản,5,"Truyện mới, gói ok.",13920941,13920942
Combo Doraemon - Truyện Dài (Trọn Bộ 24 Cuốn) - Tái Bản,1,Thiếu mất cuốn truyện đối 8,13920941,13920942
Combo Doraemon - Truyện Dài (Trọn Bộ 24 Cuốn) - Tái Bản,5,Vận chuyển nhanh,13920941,13920942
Combo Doraemon - Truyện Dài (Trọn Bộ 24 Cuốn) - Tái Bản,5,ok,13920941,13920942
Combo Doraemon - Truyện Dài (Trọn Bộ 24 Cuốn) - Tái Bản,5,"Sản phẩm tốt,phù hợp vs quảng cáo,đóng gói cẩn thận",13920941,13920942
Combo Doraemon - Truyện Dài (Trọn Bộ 24 Cuốn) - Tái Bản,5,giao hàng nhanh. truyện đẹp.,13920941,13920942
Combo Doraemon - Truyện Dài (Trọn Bộ 24 Cuốn) - Tái Bản,5,"truyen dep, dong goi gon gang, giao hang nhanh chong",13920941,13920942
Combo Doraemon - Truyện Dài (Trọn Bộ 24 Cuốn) - Tái Bản,5,Truyện đóng gói đẹp. Hình thức tốt. Truyện mới. Tiki giao hàng nhanh và giảm giá nhiều.,13920941,13920942
Combo Doraemon - Truyện Dài (Trọn Bộ 24 Cuốn) - Tái Bản,5,"Giao hàng nhanh, đóng gói đẹp. Nv lịch sự. Bìa truyện tb đẹp.",13920941,13920942
Combo Doraemon - Truyện Dài (Trọn Bộ 24 Cuốn) - Tái Bản,5,tuyệt vời,13920941,13920942
Combo Doraemon - Truyện Dài (Trọn Bộ 24 Cuốn) - Tái Bản,5,Tôi rất hài lòng với bộ truyện này. Những ai muốn sưu tầm có thể mua.,13920941,13920942
Combo Doraemon - Truyện Dài (Trọn Bộ 24 Cuốn) - Tái Bản,5,OK,13920941,13920942
Combo Doraemon - Truyện Dài (Trọn Bộ 24 Cuốn) - Tái Bản,3,"Nếu sách đọc theo kiểu cũ thì 100 điểm luôn, đọc ngược vậy theo phong cách tàu quá",13920941,13920942
Combo Doraemon - Truyện Dài (Trọn Bộ 24 Cuốn) - Tái Bản,5,"Sp tốt, giao hàng rất nhanh",13920941,13920942
Combo Doraemon - Truyện Dài (Trọn Bộ 24 Cuốn) - Tái Bản,5,Giao hàng siêu nhanh,13920941,13920942
Combo Doraemon - Truyện Dài (Trọn Bộ 24 Cuốn) - Tái Bản,5,Good.hàng rất đẹp và đóng gói rất chắc chắn.,13920941,13920942
Combo Doraemon - Truyện Dài (Trọn Bộ 24 Cuốn) - Tái Bản,5,"sách đẹp,vừa tay các con cầm,mình đã đặt 2 bộ",13920941,13920942
Combo Doraemon - Truyện Dài (Trọn Bộ 24 Cuốn) - Tái Bản,5,good,13920941,13920942
Combo Doraemon - Truyện Dài (Trọn Bộ 24 Cuốn) - Tái Bản,5,Tuyệt vời,13920941,13920942
Combo Doraemon - Truyện Dài (Trọn Bộ 24 Cuốn) - Tái Bản,5,Đóng gói tốt,13920941,13920942
Combo Doraemon - Truyện Dài (Trọn Bộ 24 Cuốn) - Tái Bản,5,tuổi thơ của tôi ?,13920941,13920942
Combo Doraemon - Truyện Dài (Trọn Bộ 24 Cuốn) - Tái Bản,5,"Truyện đẹp, bé nhà mình rất thích!",13920941,13920942
Combo Doraemon - Truyện Dài (Trọn Bộ 24 Cuốn) - Tái Bản,5,Giao hàng nhanh,13920941,13920942
Combo Doraemon - Truyện Dài (Trọn Bộ 24 Cuốn) - Tái Bản,5,Sách rất đẹp. Rất hài lòng về a shipper,13920941,13920942
Combo Doraemon - Truyện Dài (Trọn Bộ 24 Cuốn) - Tái Bản,5,"Sách ? nguyên mới tinh ko có gì phàn nàn, cho Tiki 5?sao",13920941,13920942
Combo Doraemon - Truyện Dài (Trọn Bộ 24 Cuốn) - Tái Bản,5,good,13920941,13920942
Combo Doraemon - Truyện Dài (Trọn Bộ 24 Cuốn) - Tái Bản,5,"Sách đẹp, giao hàng nhanh",13920941,13920942
Combo Doraemon - Truyện Dài (Trọn Bộ 24 Cuốn) - Tái Bản,5,tốt,13920941,13920942
Combo Doraemon - Truyện Dài (Trọn Bộ 24 Cuốn) - Tái Bản,5,"mình hài lòng, giao 2 tiếng quá nhanh, truyện trọn bộ sạch đẹp ko lỗi lầm.",13920941,13920942
Combo Doraemon - Truyện Dài (Trọn Bộ 24 Cuốn) - Tái Bản,5,"Hài lòng với SP,giao hàng nhanh.",13920941,13920942
Combo Doraemon - Truyện Dài (Trọn Bộ 24 Cuốn) - Tái Bản,5,"Sản phẩm tốt, giao hàng nhanh",13920941,13920942
Combo Doraemon - Truyện Dài (Trọn Bộ 24 Cuốn) - Tái Bản,5,"Giao hàng nhanh, chất lượng tốt.",13920941,13920942
Combo Doraemon - Truyện Dài (Trọn Bộ 24 Cuốn) - Tái Bản,5,ok,13920941,13920942
Combo Doraemon - Truyện Dài (Trọn Bộ 24 Cuốn) - Tái Bản,5,Đẹp đẹp viết nhiều mệt vkl thế nhỉ mệt lắm luôn hà,13920941,13920942
Combo Doraemon - Truyện Dài (Trọn Bộ 24 Cuốn) - Tái Bản,5,Đúng mô tả bộ truyện Doreamon. Tiki giao hàng nhanh.,13920941,13920942
Combo Doraemon - Truyện Dài (Trọn Bộ 24 Cuốn) - Tái Bản,5,good,13920941,13920942
Combo Doraemon - Truyện Dài (Trọn Bộ 24 Cuốn) - Tái Bản,3,"Sao trong đơn hàng của mình là có coupon giảm 50%,mà gửi về chỉ có truyện ko vậy",13920941,13920942
